{
  "type": "crafting_shaped",
  "pattern": [
    "###",
    "#X#",
    "###"
  ],
  "key": {
    "#": {
      "item": "minecraft:stick"
    },
    "X": [
      {
        "item": "minecraft:wool",
        "data": 0
      },
      {
        "item": "minecraft:wool",
        "data": 1
      },
      {
        "item": "minecraft:wool",
        "data": 2
      },
      {
        "item": "minecraft:wool",
        "data": 3
      },
      {
        "item": "minecraft:wool",
        "data": 4
      },
      {
        "item": "minecraft:wool",
        "data": 5
      },
      {
        "item": "minecraft:wool",
        "data": 6
      },
      {
        "item": "minecraft:wool",
        "data": 7
      },
      {
        "item": "minecraft:wool",
        "data": 8
      },
      {
        "item": "minecraft:wool",
        "data": 9
      },
      {
        "item": "minecraft:wool",
        "data": 10
      },
      {
        "item": "minecraft:wool",
        "data": 11
      },
      {
        "item": "minecraft:wool",
        "data": 12
      },
      {
        "item": "minecraft:wool",
        "data": 13
      },
      {
        "item": "minecraft:wool",
        "data": 14
      },
      {
        "item": "minecraft:wool",
        "data": 15
      }
    ]
  },
  "result": {
    "item": "minecraft:painting"
  }
}
