{
 "parent": "minecraft:recipes/root",
 "rewards": {
  "recipes": [
   "ic2:shaped_tile.blockorescanner_-201084378",
   "ic2:shaped_tile.blockadvpump_-475390545",
   "ic2:shaped_item.overclockerupgrade_664836497",
   "ic2:shaped_item.overclockerupgrade_-1249062260",
   "ic2:shaped_item.overclockerupgrade_739388396",
   "ic2:shaped_item.reactorcoolanttriple_1052008285"
  ]
 },
 "criteria": {
  "has_item": {
   "trigger": "minecraft:inventory_changed",
   "conditions": {
    "items": [
     {
      "item": "ic2:itemheatstorage",
      "data": 0
     }
    ]
   }
  }
 },
 "requirements": [
  [
   "has_item"
  ]
 ]
}