{
 "parent": "minecraft:recipes/root",
 "rewards": {
  "recipes": [
   "ic2:shaped_tile.basicturbine_-1045408944",
   "ic2:shaped_tile.blockelectrolyzer_-502750552",
   "ic2:shaped_tile.blockmfe_2004107975",
   "ic2:shaped_tile.blocktransformermv_-1775375979",
   "ic2:shaped_item.itemscanneradv_871078157",
   "ic2:shaped_item.itemscanneradv_1012999445",
   "ic2:shaped_item.rangedscanner.od_1199055243",
   "ic2:shaped_item.rangedscanner.ov_-1324472536",
   "ic2:shaped_item.itemupgradebase_1530297363",
   "ic2:shaped_item.efficiencyupgrade_-37993625",
   "ic2:shaped_item.itemadvancedsolarhelmet_1664461493"
  ]
 },
 "criteria": {
  "has_item": {
   "trigger": "minecraft:inventory_changed",
   "conditions": {
    "items": [
     {
      "item": "ic2:itemcable",
      "data": 15
     }
    ]
   }
  }
 },
 "requirements": [
  [
   "has_item"
  ]
 ]
}