{
 "parent": "minecraft:recipes/root",
 "rewards": {
  "recipes": [
   "ic2:shaped_tile.basicturbine_-1045408944",
   "ic2:shaped_tile.blockmfe_-1307270245",
   "ic2:shaped_tile.blocktransformermv_-1785545281",
   "ic2:shaped_item.itemmemorystick_2015235121",
   "ic2:shaped_item.itemscanneradv_860908855",
   "ic2:shaped_item.itemscanneradv_1002830143",
   "ic2:shaped_item.rangedscanner.od_1188558240",
   "ic2:shaped_item.rangedscanner.ov_-1334969539",
   "ic2:shaped_item.transformerupgrade_1140948114",
   "ic2:shaped_item.padupgrade.proximity_-697789255",
   "ic2:shaped_item.padupgrade.armorpriority_1547285314",
   "ic2:shaped_item.padupgrade.damage_-1934996747",
   "ic2:shaped_item.padupgrade.drain_417380686"
  ]
 },
 "criteria": {
  "has_item": {
   "trigger": "minecraft:inventory_changed",
   "conditions": {
    "items": [
     {
      "item": "ic2:itemcable",
      "data": 4
     }
    ]
   }
  }
 },
 "requirements": [
  [
   "has_item"
  ]
 ]
}