{
 "parent": "minecraft:recipes/root",
 "rewards": {
  "recipes": [
   "ic2:shaped_item.overclockerupgrade_-971187632",
   "ic2:shaped_item.overclockerupgrade_-332898676",
   "ic2:shaped_item.overclockerupgrade_-1289137172",
   "ic2:shaped_item.reactorcoolantsix_-1912497898"
  ]
 },
 "criteria": {
  "has_item": {
   "trigger": "minecraft:inventory_changed",
   "conditions": {
    "items": [
     {
      "item": "ic2:itemheatstorage",
      "data": 1
     }
    ]
   }
  }
 },
 "requirements": [
  [
   "has_item"
  ]
 ]
}