{
 "parent": "minecraft:recipes/root",
 "rewards": {
  "recipes": [
   "ic2:shaped_tile.blocknuclearreactor_1318009097",
   "ic2:shaped_tile.blocksteamreactor_424894900",
   "ic2:shaped_tile.blockboiler_-1076301620",
   "ic2:shaped_tile.hvrfproducer_-454162623",
   "ic2:shaped_tile.hvrfproducer_1523819610",
   "ic2:shaped_tile.blockorescanner_-201084378",
   "ic2:shaped_tile.blockreactorplanner_-1510019266",
   "ic2:shaped_tile.blockrangedpump_737137343",
   "ic2:shaped_tile.blockmatter_1416524227",
   "ic2:shaped_tile.blockteleporter_1949721530",
   "ic2:shaped_tile.blockelectricenchanter_1926709582",
   "ic2:shaped_tile.blockteleporterhub_-665861465",
   "ic2:shaped_tile.blockmfsu_2062932359",
   "ic2:shaped_tile.blockbatterybox_214394435",
   "ic2:shaped_tile.blocktransformerev_467000066",
   "ic2:shaped_tile.blocktransformeriv_1876908464",
   "ic2:shaped_tile.blockadjustabletranformer_56423257",
   "ic2:shaped_tile.chargepadhv_-440375304",
   "ic2:shaped_item.itemmemorystick_2015235121",
   "ic2:shaped_item.itemtoolddrill_1069990776",
   "ic2:shaped_item.itemtoolddrill_848170649",
   "ic2:shaped_item.itemtoolddrill_1162150578",
   "ic2:shaped_item.itemtoolmininglaser_1732214669",
   "ic2:shaped_item.itemobscurator_875431006",
   "ic2:shaped_item.precisionwrench_-1943783685",
   "ic2:shaped_item.precisionwrench_-1322002202",
   "ic2:shaped_item.itemportableteleporter_-869928001",
   "ic2:shaped_item.itemscanneradv_860908855",
   "ic2:shaped_item.itemscanneradv_871078157",
   "ic2:shaped_item.itemscanneradv_1002830143",
   "ic2:shaped_item.itemscanneradv_1012999445",
   "ic2:shaped_item.rangedscanner.od_1188558240",
   "ic2:shaped_item.rangedscanner.od_1199055243",
   "ic2:shaped_item.rangedscanner.ov_-1334969539",
   "ic2:shaped_item.rangedscanner.ov_-1324472536",
   "ic2:shapeless_item.rangedscanner.ov_-1452045472",
   "ic2:shaped_item.bigrangedscanner.od_-39355369",
   "ic2:shaped_item.bigrangedscanner.ov_-1675379467",
   "ic2:shapeless_item.bigrangedscanner.ov_-1451985828",
   "ic2:shaped_item.itemmedorevaluescanner_-42923152",
   "ic2:shaped_item.itemsettedorevaluescanner_-347140118",
   "ic2:shapeless_item.itemquarryscanner_-1451806927",
   "ic2:shaped_item.itemfluidscannerfiltered_-1072706996",
   "ic2:shaped_item.itemfilteredscanner_-1073630486",
   "ic2:shaped_item.itemmachinetool_104783942",
   "ic2:shaped_item.itempesd_-912043277",
   "ic2:shaped_item.itemtfbp_-1569850347",
   "ic2:shaped_item.itemterraformerbiomeblueprint_102047331",
   "ic2:shaped_item.itemimportupgrade_1237770600",
   "ic2:shaped_item.itemexportupgrade_1239617704",
   "ic2:shaped_item.roundrobinexportupgrade_-1954761809",
   "ic2:shaped_item.efficiencyupgrade_-37993625",
   "ic2:shaped_item.expcollectorupgrade_-1525635881",
   "ic2:shaped_item.expcollectorupgrade_2058701684",
   "ic2:shaped_item.energymultiplierupgrade_-305871341",
   "ic2:shaped_item.basicfilteredimportupgrade_1563810465",
   "ic2:shaped_item.filteredimportupgrade_1564734017",
   "ic2:shaped_item.filteredimportupgrade_1248853224",
   "ic2:shaped_item.basicfilteredexportupgrade_1565657569",
   "ic2:shaped_item.filteredexportupgrade_1566581121",
   "ic2:shaped_item.filteredexportupgrade_1250700328",
   "ic2:shaped_item.fluidimportupgrade_1252547432",
   "ic2:shaped_item.fluidexportupgrade_1254394536",
   "ic2:shaped_item.basicfilteredfluidimportupgrade_1578587049",
   "ic2:shaped_item.filteredfluidimportupgrade_1579510601",
   "ic2:shaped_item.filteredfluidimportupgrade_1256241640",
   "ic2:shaped_item.basicfilteredfluidexportupgrade_1580434153",
   "ic2:shaped_item.filteredfluidexportupgrade_1581357705",
   "ic2:shaped_item.filteredfluidexportupgrade_1258088744",
   "ic2:shaped_item.reactortrackerupgrade_1745432453",
   "ic2:shaped_item.quantumoverclockerupgrade_-1387578587",
   "ic2:shaped_item.padupgrade.proximity_-697789255",
   "ic2:shaped_item.padupgrade.fieldexp1_-245426917",
   "ic2:shaped_item.padupgrade.fieldexp2_-332480786",
   "ic2:shaped_item.padupgrade.fieldexp3_193075817",
   "ic2:shaped_item.padupgrade.damage_-1934996747",
   "ic2:shaped_item.padupgrade.drain_417380686",
   "ic2:shaped_item.upgradekit.mfs_-1749227982",
   "ic2:shaped_item.upgradekit.lapotronic_361506353",
   "ic2:shaped_item.slotaccessmodifierupgrade_-723358699",
   "ic2:shaped_item.stackdiversityupgrade_-989895088",
   "ic2:shapeless_item.stacklimiterupgrade_432845570",
   "ic2:shaped_item.itemarmorquantumhelmet_12820366",
   "ic2:shaped_item.itemquantumarmorjetpack_320254911",
   "ic2:shaped_item.itemquantumarmornuclearjetplate_695318402",
   "ic2:shaped_item.itemnightvisiongoggles_1396319615",
   "ic2:shaped_item.itemarmorlappack_1037366814",
   "ic2:shaped_item.itemarmorquantumpack_447958198",
   "ic2:shaped_item.itemarmorjetpackelectric_463682701",
   "ic2:shaped_item.itemarmorjetpacknuclear_1581290274",
   "ic2:shaped_item.itemarmornuclearcombindedjetpack_1420856751",
   "ic2:shaped_item.itemarmorcombinedjetpack_1604687096",
   "ic2:shaped_item.itemarmornuclearcombindedjetpack_983003988",
   "ic2:shaped_item.reactorelectricvent_-688841483",
   "ic2:shaped_item.reactorelectricventcore_-687917931",
   "ic2:shaped_item.reactorelectricventgold_-686994379",
   "ic2:shaped_item.reactorelectricventdiamond_-686070827"
  ]
 },
 "criteria": {
  "has_item": {
   "trigger": "minecraft:inventory_changed",
   "conditions": {
    "items": [
     {
      "item": "ic2:itemmisc",
      "data": 452
     }
    ]
   }
  }
 },
 "requirements": [
  [
   "has_item"
  ]
 ]
}