{
 "parent": "minecraft:recipes/root",
 "rewards": {
  "recipes": [
   "ic2:shaped_tile.blockthermalgenerator_1053004507",
   "ic2:shaped_tile.blocksolarturbine_-316118617",
   "ic2:shaped_tile.blockslaggenerator_-854597266",
   "ic2:shaped_tile.blockinduction_-1602486697",
   "ic2:shaped_tile.blockrotary_-1598189826",
   "ic2:shaped_tile.blockrotary_-1360333248",
   "ic2:shaped_tile.blockcentrifug_1749173018",
   "ic2:shaped_tile.blocksingularity_1263543849",
   "ic2:shaped_tile.blockvacuum_1231000667",
   "ic2:shaped_tile.blockcompacting_1129929931",
   "ic2:shaped_tile.blockcharged_-2108639250",
   "ic2:shaped_tile.blockorescanner_-201084378",
   "ic2:shaped_tile.blockreactorplanner_-1510019266",
   "ic2:shaped_tile.blockcropharvester_2128563852",
   "ic2:shaped_tile.blockadvpump_-475390545",
   "ic2:shaped_tile.blockterra_-372409081",
   "ic2:shaped_tile.blockmatter_1416524227",
   "ic2:shaped_tile.blockteleporter_1949721530",
   "ic2:shaped_tile.blockuraniumenricher_-1873277877",
   "ic2:shaped_tile.blockmfsu_2062932359",
   "ic2:shaped_tile.blockbatterybox_214394435",
   "ic2:shaped_item.upgradekit.mfs_-1749227982"
  ]
 },
 "criteria": {
  "has_item": {
   "trigger": "minecraft:inventory_changed",
   "conditions": {
    "items": [
     {
      "item": "ic2:blockmachinemv",
      "data": 0
     }
    ]
   }
  }
 },
 "requirements": [
  [
   "has_item"
  ]
 ]
}