{
 "parent": "minecraft:recipes/root",
 "rewards": {
  "recipes": [
   "ic2:shaped_tile.blockalloy_440049247",
   "ic2:shaped_tile.blockalloyglass_-1659701198",
   "ic2:shaped_tile.blockalloyglass_192165938",
   "ic2:shaped_tile.blocksteamreactor_424894900",
   "ic2:shaped_tile.blocksteamchamber_1451976213",
   "ic2:shaped_tile.blocksolarturbine_-316118617",
   "ic2:shaped_tile.blockslaggenerator_-854597266",
   "ic2:shaped_tile.wavegenerator_1752336958",
   "ic2:shaped_tile.oceangenerator_-1674978904",
   "ic2:shaped_tile.blockelectricwoodgasser_1488666364",
   "ic2:shaped_tile.blockelectricwoodgasser_-1788992296",
   "ic2:shaped_tile.blockadvmachine_1515831549",
   "ic2:shaped_tile.blockadvmachine_-1920290047",
   "ic2:shaped_tile.blockrangedpump_737137343",
   "ic2:shaped_item.itempartiridium_1100834802",
   "ic2:shaped_item.itemplasmacore_-1985082214",
   "ic2:shaped_item.itemtoolmininglaser_1732214669",
   "ic2:shaped_item.itemnanosaber_644260803",
   "ic2:shaped_item.itemarmoralloychestplate_-1212939464",
   "ic2:shaped_item.itemarmoralloychestplate_-1564367684",
   "ic2:shaped_item.itemarmoralloyboots_946545572",
   "ic2:shaped_item.itemarmoralloyboots_-1870872276",
   "ic2:shaped_item.itemarmoralloyhelmet_-1480429370",
   "ic2:shaped_item.itemarmoralloyhelmet_84947308",
   "ic2:shaped_item.itemarmoralloyleggings_1780508807",
   "ic2:shaped_item.itemarmoralloyleggings_-1070247153",
   "ic2:shaped_item.itemarmorquantumchestplate_-550243442",
   "ic2:shaped_item.platedshield_1225662764",
   "ic2:shapeless_item.itemreactorplating_1093967048",
   "ic2:shapeless_item.reactorplatingexplosive_-2119194817"
  ]
 },
 "criteria": {
  "has_item": {
   "trigger": "minecraft:inventory_changed",
   "conditions": {
    "items": [
     {
      "item": "ic2:itemmisc",
      "data": 257
     }
    ]
   }
  }
 },
 "requirements": [
  [
   "has_item"
  ]
 ]
}