{
 "parent": "minecraft:recipes/root",
 "rewards": {
  "recipes": [
   "ic2:shaped_tile.blockmachinebuffer_-989169435",
   "ic2:shaped_item.itemmemorystick_2015235121",
   "ic2:shaped_item.itemtoolddrill_1069990776",
   "ic2:shaped_item.itemtoolddrill_848170649",
   "ic2:shaped_item.itemtoolddrill_1162150578",
   "ic2:shaped_item.overclockerupgrade_-1249062260",
   "ic2:shaped_item.overclockerupgrade_739388396",
   "ic2:shaped_item.overclockerupgrade_-332898676",
   "ic2:shaped_item.overclockerupgrade_-1289137172",
   "ic2:shaped_item.overclockerupgrade_583264908",
   "ic2:shaped_item.overclockerupgrade_977304556",
   "ic2:shaped_item.transformerupgrade_370981141",
   "ic2:shaped_item.energystorageupgrade_-374652866",
   "ic2:shaped_item.redstonesensitivityupgrade_128680750",
   "ic2:shaped_item.redstoneinverterupgrade_-458795676",
   "ic2:shaped_item.basicitemimportupgrade_1901340673",
   "ic2:shaped_item.basicitemexportupgrade_1402416533",
   "ic2:shaped_item.mufflerupgrade_-314915581",
   "ic2:shaped_item.expcollectorupgrade_2058701684",
   "ic2:shaped_item.basicfluidimportupgrade_59819351",
   "ic2:shaped_item.basicfluidexportupgrade_1629998443",
   "ic2:shaped_item.reactortrackerupgrade_1745432453",
   "ic2:shaped_item.cobblegenupgrade_-246636654",
   "ic2:shaped_item.cobblegenupgrade_-535155888",
   "ic2:shaped_item.craftingupgrade_759630800",
   "ic2:shaped_item.efficientsawbladeupgrade_802700326",
   "ic2:shaped_item.durablesawbladeupgrade_-1717259577",
   "ic2:shaped_item.padupgrade.fieldexp1_-245426917",
   "ic2:shaped_item.automationupgrade_-1885340528"
  ]
 },
 "criteria": {
  "has_item": {
   "trigger": "minecraft:inventory_changed",
   "conditions": {
    "items": [
     {
      "item": "ic2:itemmisc",
      "data": 260
     }
    ]
   }
  }
 },
 "requirements": [
  [
   "has_item"
  ]
 ]
}