{
 "parent": "minecraft:recipes/root",
 "rewards": {
  "recipes": [
   "ic2:shapeless_item.itemtreetapelectric_-142537033",
   "ic2:shaped_item.itemimportupgrade_1237770600",
   "ic2:shaped_item.expcollectorupgrade_2058701684",
   "ic2:shaped_item.basicfilteredimportupgrade_1563810465"
  ]
 },
 "criteria": {
  "has_item": {
   "trigger": "minecraft:inventory_changed",
   "conditions": {
    "items": [
     {
      "item": "ic2:ic2upgrades",
      "data": 5
     }
    ]
   }
  }
 },
 "requirements": [
  [
   "has_item"
  ]
 ]
}