{
 "parent": "minecraft:recipes/root",
 "rewards": {
  "recipes": [
   "ic2:shaped_tile.blockorescanner_-201084378",
   "ic2:shaped_tile.chargepadlv_1572484916",
   "ic2:shaped_tile.blockpersonalenergystoragebatbox_1253794578",
   "ic2:shaped_item.itemarmorjetpackelectric_463682701"
  ]
 },
 "criteria": {
  "has_item": {
   "trigger": "minecraft:inventory_changed",
   "conditions": {
    "items": [
     {
      "item": "ic2:blockelectric",
      "data": 0
     }
    ]
   }
  }
 },
 "requirements": [
  [
   "has_item"
  ]
 ]
}