{
 "parent": "minecraft:recipes/root",
 "rewards": {
  "recipes": [
   "ic2:shaped_tile.blockluminator_1198780764",
   "ic2:shaped_tile.blockalloyglass_-1659701198",
   "ic2:shaped_tile.blockalloyglass_192165938",
   "ic2:shaped_item.itemglasscable_-542195504",
   "ic2:shaped_item.itemglasscable_-410929364",
   "ic2:shaped_tile.blockgeogenerator_1225023507",
   "ic2:shaped_tile.blocksolargenerator_1093731471",
   "ic2:shaped_tile.blocksolargenerator_261816397",
   "ic2:shaped_tile.blockliquidfuelgenerator_606615928",
   "ic2:shaped_tile.blockmachinetank_-1680447689",
   "ic2:shaped_tile.blockpersonaltraderfluid_2117013984",
   "ic2:shaped_tile.blockpersonaltank_1450738487",
   "ic2:shaped_item.itemobscurator_875431006",
   "ic2:shaped_item.itemcropanalyzer_-2125675967",
   "ic2:shaped_item.itemthermometer_1507613392",
   "ic2:shaped_item.transformerupgrade_1140948114",
   "ic2:shaped_item.transformerupgrade_370981141",
   "ic2:shaped_item.cobblegenupgrade_-246636654",
   "ic2:shaped_item.cobblegenupgrade_-535155888",
   "ic2:shaped_item.redstonedeconductorupgrade_-184619335",
   "ic2:shaped_item.itemarmornanohelmet_-1656196021",
   "ic2:shaped_item.itemarmorhazmathelmet_970348442",
   "ic2:shaped_item.reactorsteamvent_1751728657",
   "ic2:shaped_item.reactorsteamventcore_-1655734927",
   "ic2:shaped_item.reactorsteamventgold_-768231215",
   "ic2:shaped_item.reactorsteamventdiamond_119272497"
  ]
 },
 "criteria": {
  "has_item_0": {
   "trigger": "minecraft:inventory_changed",
   "conditions": {
    "items": [
     {
      "item": "minecraft:glass",
      "data": 0
     }
    ]
   }
  },
  "has_item_1": {
   "trigger": "minecraft:inventory_changed",
   "conditions": {
    "items": [
     {
      "item": "minecraft:stained_glass",
      "data": 32767
     }
    ]
   }
  }
 },
 "requirements": [
  [
   "has_item_0",
   "has_item_1"
  ]
 ]
}