{
 "parent": "minecraft:recipes/root",
 "rewards": {
  "recipes": [
   "ic2:shaped_tile.lvrfproducer_550770941",
   "ic2:shaped_tile.mvrfproducer_1406508351",
   "ic2:shaped_tile.mvrfproducer_606762265",
   "ic2:shaped_tile.hvrfproducer_-454162623",
   "ic2:shaped_tile.hvrfproducer_1523819610"
  ]
 },
 "criteria": {
  "has_item": {
   "trigger": "minecraft:inventory_changed",
   "conditions": {
    "items": [
     {
      "item": "minecraft:redstone_block",
      "data": 32767
     }
    ]
   }
  }
 },
 "requirements": [
  [
   "has_item"
  ]
 ]
}