{
 "parent": "minecraft:recipes/root",
 "rewards": {
  "recipes": [
   "ic2:shapeless_item.itemarmorjetpackelectric_1331250917",
   "ic2:shapeless_item.itemarmorjetpacknuclear_-54880635",
   "ic2:shapeless_item.itemarmorcombinedjetpack_250912421",
   "ic2:shapeless_item.itemarmornuclearcombindedjetpack_-2070577051"
  ]
 },
 "criteria": {
  "has_item": {
   "trigger": "minecraft:inventory_changed",
   "conditions": {
    "items": [
     {
      "item": "ic2:itemarmorbronzechestplate",
      "data": 0
     }
    ]
   }
  }
 },
 "requirements": [
  [
   "has_item"
  ]
 ]
}