{
 "parent": "minecraft:recipes/root",
 "rewards": {
  "recipes": [
   "ic2:shapeless_item.itemfluidscanner_1733551548",
   "ic2:shaped_item.basicfluidimportupgrade_-2012142610",
   "ic2:shaped_item.basicfluidimportupgrade_59819351",
   "ic2:shaped_item.basicfluidexportupgrade_-1297480554",
   "ic2:shaped_item.basicfluidexportupgrade_1629998443"
  ]
 },
 "criteria": {
  "has_item": {
   "trigger": "minecraft:inventory_changed",
   "conditions": {
    "items": [
     {
      "item": "minecraft:bucket",
      "data": 32767
     }
    ]
   }
  }
 },
 "requirements": [
  [
   "has_item"
  ]
 ]
}