{
 "parent": "minecraft:recipes/root",
 "rewards": {
  "recipes": [
   "ic2:shaped_item.itemplasmacable_449044295",
   "ic2:shaped_tile.blockelectricwoodgasser_1488666364",
   "ic2:shaped_tile.blockelectricwoodgasser_-1788992296",
   "ic2:shaped_tile.blockadvmachine_1515831549",
   "ic2:shaped_tile.blockadvmachine_-1920290047",
   "ic2:shaped_tile.chargepadhv_-440375304",
   "ic2:shaped_item.itemcarbonboat_92275878",
   "ic2:shaped_item.itemmemorystick_2015235121",
   "ic2:shaped_item.itemnanosaber_644260803",
   "ic2:shaped_item.precisionwrench_-1943783685",
   "ic2:shaped_item.itemcarbonbox_384358050",
   "ic2:shaped_item.itemmachinetool_104783942",
   "ic2:shaped_item.itempesd_-912043277",
   "ic2:shaped_item.quantumaccumulator_-358156310",
   "ic2:shaped_item.bigquantumaccumulator_230901446",
   "ic2:shaped_item.itemupgradecontainer_1878647156",
   "ic2:shaped_item.quantumoverclockerupgrade_-1387578587",
   "ic2:shaped_item.upgradekit.lapotronic_361506353",
   "ic2:shaped_item.itemarmornanohelmet_-1656196021",
   "ic2:shaped_item.itemarmornanochestplate_-541266974",
   "ic2:shaped_item.itemarmornanolegs_-1030090915",
   "ic2:shaped_item.itemarmornanoboots_1909286965",
   "ic2:shaped_item.nanoshield_324208360"
  ]
 },
 "criteria": {
  "has_item": {
   "trigger": "minecraft:inventory_changed",
   "conditions": {
    "items": [
     {
      "item": "ic2:itemmisc",
      "data": 256
     }
    ]
   }
  }
 },
 "requirements": [
  [
   "has_item"
  ]
 ]
}