{
 "parent": "minecraft:recipes/root",
 "rewards": {
  "recipes": [
   "ic2:shaped_tile.hopper_-82413824",
   "ic2:shaped_tile.blockcropmatron_1348153838",
   "ic2:shaped_tile.blockreactorplanner_-1510019266",
   "ic2:shaped_tile.blockcropharvester_2128563852",
   "ic2:shaped_tile.blockbatterybox_214394435",
   "ic2:shaped_tile.blockpersonaltrader_1344478433",
   "ic2:shaped_tile.blockpersonalchest_-1405328861",
   "ic2:shaped_item.itemfluidscannerfiltered_-1072706996",
   "ic2:shaped_item.itemfilteredscanner_-1073630486",
   "ic2:shaped_item.itemtoolbox_1453406134",
   "ic2:shaped_item.basicfilteredimportupgrade_1563810465",
   "ic2:shaped_item.filteredimportupgrade_1564734017",
   "ic2:shaped_item.basicfilteredexportupgrade_1565657569",
   "ic2:shaped_item.filteredexportupgrade_1566581121",
   "ic2:shaped_item.basicfilteredfluidimportupgrade_1578587049",
   "ic2:shaped_item.filteredfluidimportupgrade_1579510601",
   "ic2:shaped_item.basicfilteredfluidexportupgrade_1580434153",
   "ic2:shaped_item.filteredfluidexportupgrade_1581357705"
  ]
 },
 "criteria": {
  "has_item_0": {
   "trigger": "minecraft:inventory_changed",
   "conditions": {
    "items": [
     {
      "item": "minecraft:chest",
      "data": 0
     }
    ]
   }
  }
 },
 "requirements": [
  [
   "has_item_0"
  ]
 ]
}