{
 "parent": "minecraft:recipes/root",
 "rewards": {
  "recipes": [
   "ic2:shaped_tile.pistonbase_-1396270190",
   "ic2:shaped_tile.pistonbase_514029861",
   "ic2:shaped_tile.blockmacerator_2072794668",
   "ic2:shaped_tile.blockstonemacerator_-130868445",
   "ic2:shaped_item.itemfoamsprayer_823352807"
  ]
 },
 "criteria": {
  "has_item_0": {
   "trigger": "minecraft:inventory_changed",
   "conditions": {
    "items": [
     {
      "item": "minecraft:cobblestone",
      "data": 0
     }
    ]
   }
  }
 },
 "requirements": [
  [
   "has_item_0"
  ]
 ]
}