{
 "parent": "minecraft:recipes/root",
 "rewards": {
  "recipes": [
   "ic2:shaped_item.itemquantumarmornuclearjetplate_695318402",
   "ic2:shapeless_item.itemarmornuclearcombindedjetpack_-1682461087",
   "ic2:shapeless_item.itemarmornuclearcombindedjetpack_-1630501888",
   "ic2:shapeless_item.itemarmornuclearcombindedjetpack_-543500203",
   "ic2:shapeless_item.itemarmornuclearcombindedjetpack_-2070577051",
   "ic2:shapeless_item.itemarmornuclearcombindedjetpack_1941498558",
   "ic2:shapeless_item.itemarmornuclearcombindedjetpack_1409663013"
  ]
 },
 "criteria": {
  "has_item": {
   "trigger": "minecraft:inventory_changed",
   "conditions": {
    "items": [
     {
      "item": "ic2:itemarmornuclearcombindedjetpack",
      "data": 0
     }
    ]
   }
  }
 },
 "requirements": [
  [
   "has_item"
  ]
 ]
}