{
 "parent": "minecraft:recipes/root",
 "rewards": {
  "recipes": [
   "ic2:shapeless_item.itemarmorjetpackelectric_1048359230",
   "ic2:shapeless_item.itemarmorjetpacknuclear_-337772322",
   "ic2:shapeless_item.itemarmorcombinedjetpack_-31979266",
   "ic2:shapeless_item.itemarmornuclearcombindedjetpack_1941498558"
  ]
 },
 "criteria": {
  "has_item": {
   "trigger": "minecraft:inventory_changed",
   "conditions": {
    "items": [
     {
      "item": "ic2:itemarmoralloychestplate",
      "data": 0
     }
    ]
   }
  }
 },
 "requirements": [
  [
   "has_item"
  ]
 ]
}