{
 "parent": "minecraft:recipes/root",
 "rewards": {
  "recipes": [
   "ic2:shaped_item.itemquantumarmorjetpack_320254911",
   "ic2:shaped_item.itemarmornuclearcombindedjetpack_1420856751",
   "ic2:shapeless_item.itemarmorcombinedjetpack_639028385",
   "ic2:shapeless_item.itemarmorcombinedjetpack_690987584",
   "ic2:shapeless_item.itemarmorcombinedjetpack_1777989269",
   "ic2:shapeless_item.itemarmorcombinedjetpack_250912421",
   "ic2:shapeless_item.itemarmorcombinedjetpack_-31979266",
   "ic2:shapeless_item.itemarmorcombinedjetpack_-563814811"
  ]
 },
 "criteria": {
  "has_item": {
   "trigger": "minecraft:inventory_changed",
   "conditions": {
    "items": [
     {
      "item": "ic2:itemarmorcombinedjetpack",
      "data": 0
     }
    ]
   }
  }
 },
 "requirements": [
  [
   "has_item"
  ]
 ]
}