{
 "parent": "minecraft:recipes/root",
 "rewards": {
  "recipes": [
   "ic2:shaped_tile.blockwall_-440844434",
   "ic2:shapeless_tile.blockwall_-382082028",
   "ic2:shaped_tile.blockwall_1495795018",
   "ic2:shapeless_tile.blockwall_64544624",
   "ic2:shaped_tile.blockwall_-1845027152",
   "ic2:shapeless_tile.blockwall_-1973189802",
   "ic2:shaped_tile.blockwall_2061585674",
   "ic2:shapeless_tile.blockwall_1627510320",
   "ic2:shaped_tile.blockwall_393462375",
   "ic2:shapeless_tile.blockwall_-12424819",
   "ic2:shaped_tile.blockwall_1829930887",
   "ic2:shapeless_tile.blockwall_-1319393747",
   "ic2:shaped_tile.blockwall_-45641113",
   "ic2:shapeless_tile.blockwall_-1315698547",
   "ic2:shaped_tile.blockwall_-704834181",
   "ic2:shapeless_tile.blockwall_-1323754207",
   "ic2:shaped_tile.blockwall_-811413498",
   "ic2:shapeless_tile.blockwall_1632287916",
   "ic2:shaped_tile.blockwall_1229866109",
   "ic2:shapeless_tile.blockwall_-1327240157",
   "ic2:shaped_tile.blockwall_2075519845",
   "ic2:shapeless_tile.blockwall_1053699723",
   "ic2:shaped_tile.blockwall_-2126802584",
   "ic2:shapeless_tile.blockwall_-1328532082",
   "ic2:shaped_tile.blockwall_-1011570419",
   "ic2:shapeless_tile.blockwall_-973877453",
   "ic2:shaped_tile.blockwall_-1037569215",
   "ic2:shapeless_tile.blockwall_-831046937",
   "ic2:shaped_tile.blockwall_-952813996",
   "ic2:shapeless_tile.blockwall_-369498374",
   "ic2:shaped_tile.blockwall_1957588871",
   "ic2:shapeless_tile.blockwall_-979855059"
  ]
 },
 "criteria": {
  "has_item": {
   "trigger": "minecraft:inventory_changed",
   "conditions": {
    "items": [
     {
      "item": "ic2:blockwall",
      "data": 32767
     }
    ]
   }
  }
 },
 "requirements": [
  [
   "has_item"
  ]
 ]
}