{
 "parent": "minecraft:recipes/root",
 "rewards": {
  "recipes": [
   "ic2:shaped_tile.blockwool_-61526631",
   "ic2:shapeless_tile.blockwool_-743026262",
   "ic2:shaped_tile.blockwool_1875112821",
   "ic2:shapeless_tile.blockwool_-296399610",
   "ic2:shaped_tile.blockwool_-1465709349",
   "ic2:shapeless_tile.blockwool_1960833260",
   "ic2:shaped_tile.blockwool_-1854063819",
   "ic2:shapeless_tile.blockwool_1266566086",
   "ic2:shaped_tile.blockwool_772780178",
   "ic2:shapeless_tile.blockwool_-373369053",
   "ic2:shaped_tile.blockwool_-2085718606",
   "ic2:shapeless_tile.blockwool_-1680337981",
   "ic2:shaped_tile.blockwool_333676690",
   "ic2:shapeless_tile.blockwool_-1676642781",
   "ic2:shaped_tile.blockwool_-325516378",
   "ic2:shapeless_tile.blockwool_-1684698441",
   "ic2:shaped_tile.blockwool_-432095695",
   "ic2:shapeless_tile.blockwool_1271343682",
   "ic2:shaped_tile.blockwool_1609183912",
   "ic2:shapeless_tile.blockwool_-1688184391",
   "ic2:shaped_tile.blockwool_-1840129648",
   "ic2:shapeless_tile.blockwool_692755489",
   "ic2:shaped_tile.blockwool_-1747484781",
   "ic2:shapeless_tile.blockwool_-1689476316",
   "ic2:shaped_tile.blockwool_-632252616",
   "ic2:shapeless_tile.blockwool_-1334821687",
   "ic2:shaped_tile.blockwool_-658251412",
   "ic2:shapeless_tile.blockwool_-1191991171",
   "ic2:shaped_tile.blockwool_-573496193",
   "ic2:shapeless_tile.blockwool_-730442608",
   "ic2:shaped_tile.blockwool_-1958060622",
   "ic2:shapeless_tile.blockwool_-1340799293"
  ]
 },
 "criteria": {
  "has_item": {
   "trigger": "minecraft:inventory_changed",
   "conditions": {
    "items": [
     {
      "item": "ic2:blockwool",
      "data": 32767
     }
    ]
   }
  }
 },
 "requirements": [
  [
   "has_item"
  ]
 ]
}