{
 "parent": "minecraft:recipes/root",
 "rewards": {
  "recipes": [
   "ic2:shaped_tile.blockluminator_1198780764",
   "ic2:shaped_tile.blockelectrolyzer_-502750552",
   "ic2:shaped_tile.blockbatbox_200055707",
   "ic2:shaped_tile.blocktransformerlv_-552974589",
   "ic2:shaped_tile.blockpersonaltraderenergy_-949356331",
   "ic2:shaped_item.itempartcircuit_1058514721",
   "ic2:shaped_item.itempartcircuit_1521116961",
   "ic2:shaped_item.itemscanner_974188857",
   "ic2:shaped_item.itemtoolmeter_605120665",
   "ic2:shaped_item.itemcropanalyzer_-2125675967",
   "ic2:shaped_item.itemremote_-1875509251",
   "ic2:shapeless_item.itemfreq_-176120668",
   "ic2:shaped_item.itemremote_-29641634",
   "ic2:shaped_item.itembatsu_44124140",
   "ic2:shaped_item.itembatsu_1802870638",
   "ic2:shaped_item.itembatsu_730892150",
   "ic2:shaped_item.itembatsu_1617842468",
   "ic2:shaped_item.itembatsu_686519126",
   "ic2:shaped_item.itembatsu_242278724",
   "ic2:shaped_item.itembatsu_730897916",
   "ic2:shaped_item.itembatsu_1618021214",
   "ic2:shaped_item.itembatre_2077392104",
   "ic2:shaped_item.itemupgradebase_1071691671",
   "ic2:shaped_item.overclockerupgrade_664836497",
   "ic2:shaped_item.overclockerupgrade_-971187632",
   "ic2:shaped_item.overclockerupgrade_1687755535",
   "ic2:shaped_item.energystorageupgrade_348377377",
   "ic2:shaped_item.itemsolarhelmet_654906048",
   "ic2:shaped_item.itemsolarhelmet_974830959",
   "ic2:shaped_item.itemstaticboots_-1078046344",
   "ic2:shaped_item.itemstaticboots_1326507983"
  ]
 },
 "criteria": {
  "has_item": {
   "trigger": "minecraft:inventory_changed",
   "conditions": {
    "items": [
     {
      "item": "ic2:itemcable",
      "data": 1
     }
    ]
   }
  }
 },
 "requirements": [
  [
   "has_item"
  ]
 ]
}