{
 "parent": "minecraft:recipes/root",
 "rewards": {
  "recipes": [
   "ic2:shaped_tile.blockcropscanner_-1289883511",
   "ic2:shaped_tile.blockcropharvester_2128563852",
   "ic2:shapeless_item.itemarmorquantumhelmet_-845314923",
   "ic2:shapeless_item.itemarmornanohelmet_-64130889"
  ]
 },
 "criteria": {
  "has_item": {
   "trigger": "minecraft:inventory_changed",
   "conditions": {
    "items": [
     {
      "item": "ic2:itemcropanalyzer",
      "data": 0
     }
    ]
   }
  }
 },
 "requirements": [
  [
   "has_item"
  ]
 ]
}