{
 "parent": "minecraft:recipes/root",
 "rewards": {
  "recipes": [
   "ic2:shaped_tile.blockreactorchamber_1490756150",
   "ic2:shaped_item.expcollectorupgrade_-1525635881",
   "ic2:shaped_item.reactoruraniumdual_-755015514",
   "ic2:shaped_item.reactoruraniumquad_1936822515",
   "ic2:shaped_item.reactoruraniumquad_545094699",
   "ic2:shaped_item.reactoruraniumredstonedual_-752241975",
   "ic2:shaped_item.reactoruraniumredstonequad_304369238",
   "ic2:shaped_item.reactoruraniumredstonequad_-1675414636",
   "ic2:shaped_item.reactoruraniumblazedual_-749468436",
   "ic2:shaped_item.reactoruraniumblazequad_-1328084039",
   "ic2:shaped_item.reactoruraniumblazequad_399043325",
   "ic2:shaped_item.reactoruraniumenderpearldual_-746694897",
   "ic2:shaped_item.reactoruraniumenderpearlquad_1334429980",
   "ic2:shaped_item.reactoruraniumenderpearlquad_-1821466010",
   "ic2:shaped_item.reactoruraniumnetherstardual_-743921358",
   "ic2:shaped_item.reactoruraniumnetherstarquad_-298023297",
   "ic2:shaped_item.reactoruraniumnetherstarquad_252991951",
   "ic2:shaped_item.reactoruraniumcharcoaldual_-741147819",
   "ic2:shaped_item.reactoruraniumcharcoalquad_-1930476574",
   "ic2:shaped_item.reactoruraniumcharcoalquad_-1967517384",
   "ic2:shaped_item.reactorcoolantsix_-1912497898",
   "ic2:shapeless_item.itemreactorplating_1093967048",
   "ic2:shapeless_item.reactorplatingheat_-2119133344",
   "ic2:shaped_item.reactorreflector_-880790952",
   "ic2:shaped_item.reactorreflector_1965295792",
   "ic2:shaped_item.reactorreflectorthick_-1313142365",
   "ic2:shaped_item.reactorheatpack_241122402",
   "ic2:shaped_item.reactorheatswitch_688109925",
   "ic2:shaped_item.reactorheatswitchcore_56710391",
   "ic2:shaped_item.reactorheatswitchdiamond_1615582708",
   "ic2:shaped_item.reactorventcore_-313378266",
   "ic2:shaped_item.reactorsteamventcore_-313080046"
  ]
 },
 "criteria": {
  "has_item": {
   "trigger": "minecraft:inventory_changed",
   "conditions": {
    "items": [
     {
      "item": "ic2:itemmisc",
      "data": 259
     }
    ]
   }
  }
 },
 "requirements": [
  [
   "has_item"
  ]
 ]
}