{
 "parent": "minecraft:recipes/root",
 "rewards": {
  "recipes": [
   "ic2:shapeless_item.itemarmorjetpackelectric_-1436639531",
   "ic2:shapeless_item.itemarmorjetpacknuclear_1472196213",
   "ic2:shapeless_item.itemarmorcombinedjetpack_1777989269",
   "ic2:shapeless_item.itemarmornuclearcombindedjetpack_-543500203"
  ]
 },
 "criteria": {
  "has_item": {
   "trigger": "minecraft:inventory_changed",
   "conditions": {
    "items": [
     {
      "item": "minecraft:diamond_chestplate",
      "data": 0
     }
    ]
   }
  }
 },
 "requirements": [
  [
   "has_item"
  ]
 ]
}