{
 "parent": "minecraft:recipes/root",
 "rewards": {
  "recipes": [
   "ic2:shapeless_tile.blockfoam_-1706983140",
   "ic2:shaped_tile.blocksolargenerator_261816397",
   "ic2:shapeless_item.itemfuelcharcoaldust_-1237558063",
   "ic2:shaped_item.itemfuelcharcoaldust_76336105",
   "ic2:shaped_item.itembatsu_686519126",
   "ic2:shaped_item.itembatsu_242278724",
   "ic2:shapeless_item.reactorisotopecell_-1639120185",
   "ic2:shapeless_item.reactoruraniumsimple_1608658048",
   "ic2:shapeless_item.itemdepletedredstoneenricheduraniumcell_-1639104651",
   "ic2:shapeless_item.reactoruraniumredstonesimple_1608659102",
   "ic2:shapeless_item.itemdepletedblazeenricheduraniumcell_-1639060541",
   "ic2:shapeless_item.reactoruraniumblazesimple_1608660156",
   "ic2:shapeless_item.itemdepletedenderpearlenricheduraniumcell_-1639041847",
   "ic2:shapeless_item.reactoruraniumenderpearlsimple_1608661210",
   "ic2:shapeless_item.itemdepletednetherstarenricheduraniumcell_-1639027761",
   "ic2:shapeless_item.reactoruraniumnetherstarsimple_1608662264",
   "ic2:shapeless_item.itemdepletedcharcoalenricheduraniumcell_-1638976299",
   "ic2:shapeless_item.reactoruraniumcharcoalsimple_1608663318",
   "ic2:shaped_item.reactorreflector_1965295792"
  ]
 },
 "criteria": {
  "has_item_0": {
   "trigger": "minecraft:inventory_changed",
   "conditions": {
    "items": [
     {
      "item": "ic2:itemmisc",
      "data": 12
     }
    ]
   }
  }
 },
 "requirements": [
  [
   "has_item_0"
  ]
 ]
}