{
 "parent": "minecraft:recipes/root",
 "rewards": {
  "recipes": [
   "ic2:shapeless_item.itemdustbronze_-364730307",
   "ic2:shaped_item.itemdustiron_-779868215",
   "ic2:shaped_item.itemdustiron_1576386918",
   "ic2:shaped_item.reactorreflector_-880790952",
   "ic2:shaped_item.reactorreflector_1965295792"
  ]
 },
 "criteria": {
  "has_item_0": {
   "trigger": "minecraft:inventory_changed",
   "conditions": {
    "items": [
     {
      "item": "ic2:itemmisc",
      "data": 3
     }
    ]
   }
  }
 },
 "requirements": [
  [
   "has_item_0"
  ]
 ]
}