{
 "parent": "minecraft:recipes/root",
 "rewards": {
  "recipes": [
   "ic2:shapeless_tile.blockfoam_1945589170",
   "ic2:shapeless_tile.blockfoam_-1706983140",
   "ic2:shaped_tile.pistonbase_-1396270190",
   "ic2:shaped_tile.pistonbase_514029861",
   "ic2:shaped_item.itemglasscable_-542195504",
   "ic2:shaped_item.itemdetectorcable_-672577649",
   "ic2:shaped_item.itemsplittercable_566893667",
   "ic2:shaped_tile.blockelecfurnace_-6291934",
   "ic2:shaped_tile.blockmagnetizer_-465205004",
   "ic2:shaped_tile.blocktesla_1114556539",
   "ic2:shaped_tile.blockpersonaltrader_1344478433",
   "ic2:shaped_tile.blockpersonaltraderenergy_-949356331",
   "ic2:shaped_item.itempartcircuit_1058514721",
   "ic2:shaped_item.itempartcircuit_1521116961",
   "ic2:shaped_item.itempartcircuitadv_-1948043137",
   "ic2:shaped_item.itempartcircuitadv_-205948801",
   "ic2:shaped_item.yellowdust_-220784590",
   "ic2:shaped_item.sulphur_1925170174",
   "ic2:shaped_item.itemweedex_70796626",
   "ic2:shaped_item.itemtoolmininglaser_1732214669",
   "ic2:shaped_item.itemquarryscanner_1048202588",
   "ic2:shaped_item.itemcropanalyzer_-2125675967",
   "ic2:shaped_item.itembatsu_44124140",
   "ic2:shaped_item.itembatsu_1802870638",
   "ic2:shaped_item.itembatsu_730892150",
   "ic2:shaped_item.itembatsu_1617842468",
   "ic2:shaped_item.itembatsu_686519126",
   "ic2:shaped_item.itembatsu_242278724",
   "ic2:shaped_item.itembatsu_730897916",
   "ic2:shaped_item.itembatsu_1618021214",
   "ic2:shaped_item.itembatre_2077392104",
   "ic2:shaped_item.itembatcrystal_-1564046631",
   "ic2:shaped_item.itemtfbp_-1569850347",
   "ic2:shaped_item.itemterraformerbiomeblueprint_102047331",
   "ic2:shaped_item.itemarmorjetpack_176647782",
   "ic2:shaped_item.reactorcondensator_-1485090412",
   "ic2:shaped_item.reactorcondensatorlap_1470992691"
  ]
 },
 "criteria": {
  "has_item_0": {
   "trigger": "minecraft:inventory_changed",
   "conditions": {
    "items": [
     {
      "item": "minecraft:redstone",
      "data": 0
     }
    ]
   }
  }
 },
 "requirements": [
  [
   "has_item_0"
  ]
 ]
}