{
 "parent": "minecraft:recipes/root",
 "rewards": {
  "recipes": [
   "ic2:shapeless_tile.blockfoam_1945589170",
   "ic2:shaped_tile.blocksolargenerator_1093731471",
   "ic2:shaped_item.itempartcarbonfibre_794316583",
   "ic2:shaped_item.itempartcoalball_-2016926763",
   "ic2:shaped_item.sulphur_1925170174",
   "ic2:shapeless_item.itemfuelcoaldust_323033665",
   "ic2:shaped_item.itemfuelcoaldust_-19252433",
   "ic2:shaped_item.itembatsu_44124140",
   "ic2:shaped_item.itembatsu_1802870638",
   "ic2:shapeless_item.reactorisotopecell_2013452125",
   "ic2:shapeless_item.reactoruraniumsimple_-1125717334",
   "ic2:shapeless_item.itemdepletedredstoneenricheduraniumcell_2013467659",
   "ic2:shapeless_item.reactoruraniumredstonesimple_-1125716280",
   "ic2:shapeless_item.itemdepletedblazeenricheduraniumcell_2013511769",
   "ic2:shapeless_item.reactoruraniumblazesimple_-1125715226",
   "ic2:shapeless_item.itemdepletedenderpearlenricheduraniumcell_2013530463",
   "ic2:shapeless_item.reactoruraniumenderpearlsimple_-1125714172",
   "ic2:shapeless_item.itemdepletednetherstarenricheduraniumcell_2013544549",
   "ic2:shapeless_item.reactoruraniumnetherstarsimple_-1125713118",
   "ic2:shapeless_item.itemdepletedcharcoalenricheduraniumcell_2013596011",
   "ic2:shapeless_item.reactoruraniumcharcoalsimple_-1125712064",
   "ic2:shaped_item.reactorreflector_-880790952"
  ]
 },
 "criteria": {
  "has_item_0": {
   "trigger": "minecraft:inventory_changed",
   "conditions": {
    "items": [
     {
      "item": "ic2:itemmisc",
      "data": 6
     }
    ]
   }
  }
 },
 "requirements": [
  [
   "has_item_0"
  ]
 ]
}