{
 "parent": "minecraft:recipes/root",
 "rewards": {
  "recipes": [
   "ic2:shapeless_item.itemtoolpainterblue_-1807438711",
   "ic2:shaped_tile.blockwall_-2126802584",
   "ic2:shapeless_tile.blockwall_-1328532082",
   "ic2:shaped_tile.blockwool_-1747484781",
   "ic2:shapeless_tile.blockwool_-1689476316"
  ]
 },
 "criteria": {
  "has_item_0": {
   "trigger": "minecraft:inventory_changed",
   "conditions": {
    "items": [
     {
      "item": "minecraft:dye",
      "data": 4
     }
    ]
   }
  }
 },
 "requirements": [
  [
   "has_item_0"
  ]
 ]
}