{
 "parent": "minecraft:recipes/root",
 "rewards": {
  "recipes": [
   "ic2:shapeless_item.itemtoolpainterblack_-1458761688",
   "ic2:shaped_tile.blockwall_1957588871",
   "ic2:shapeless_tile.blockwall_-979855059",
   "ic2:shaped_tile.blockwool_-1958060622",
   "ic2:shapeless_tile.blockwool_-1340799293"
  ]
 },
 "criteria": {
  "has_item_0": {
   "trigger": "minecraft:inventory_changed",
   "conditions": {
    "items": [
     {
      "item": "minecraft:dye",
      "data": 0
     }
    ]
   }
  }
 },
 "requirements": [
  [
   "has_item_0"
  ]
 ]
}