{
 "parent": "minecraft:recipes/root",
 "rewards": {
  "recipes": [
   "ic2:shapeless_item.itemtoolpainterbrown_-1452784082",
   "ic2:shaped_tile.blockwall_-1011570419",
   "ic2:shapeless_tile.blockwall_-973877453",
   "ic2:shaped_tile.blockwool_-632252616",
   "ic2:shapeless_tile.blockwool_-1334821687"
  ]
 },
 "criteria": {
  "has_item_0": {
   "trigger": "minecraft:inventory_changed",
   "conditions": {
    "items": [
     {
      "item": "minecraft:dye",
      "data": 3
     }
    ]
   }
  }
 },
 "requirements": [
  [
   "has_item_0"
  ]
 ]
}