{
 "parent": "minecraft:recipes/root",
 "rewards": {
  "recipes": [
   "ic2:shapeless_item.itemtoolpaintercyan_-1806146786",
   "ic2:shaped_tile.blockwall_1229866109",
   "ic2:shapeless_tile.blockwall_-1327240157",
   "ic2:shaped_tile.blockwool_1609183912",
   "ic2:shapeless_tile.blockwool_-1688184391"
  ]
 },
 "criteria": {
  "has_item_0": {
   "trigger": "minecraft:inventory_changed",
   "conditions": {
    "items": [
     {
      "item": "minecraft:dye",
      "data": 6
     }
    ]
   }
  }
 },
 "requirements": [
  [
   "has_item_0"
  ]
 ]
}