{
 "parent": "minecraft:recipes/root",
 "rewards": {
  "recipes": [
   "ic2:shapeless_item.itemtoolpaintergreen_-1309953566",
   "ic2:shaped_tile.blockwall_-1037569215",
   "ic2:shapeless_tile.blockwall_-831046937",
   "ic2:shaped_tile.blockwool_-658251412",
   "ic2:shapeless_tile.blockwool_-1191991171"
  ]
 },
 "criteria": {
  "has_item_0": {
   "trigger": "minecraft:inventory_changed",
   "conditions": {
    "items": [
     {
      "item": "minecraft:dye",
      "data": 2
     }
    ]
   }
  }
 },
 "requirements": [
  [
   "has_item_0"
  ]
 ]
}