{
 "parent": "minecraft:recipes/root",
 "rewards": {
  "recipes": [
   "ic2:shapeless_item.itemtoolpainterdarkgrey_-1802660836",
   "ic2:shaped_tile.blockwall_-704834181",
   "ic2:shapeless_tile.blockwall_-1323754207",
   "ic2:shaped_tile.blockwool_-325516378",
   "ic2:shapeless_tile.blockwool_-1684698441"
  ]
 },
 "criteria": {
  "has_item_0": {
   "trigger": "minecraft:inventory_changed",
   "conditions": {
    "items": [
     {
      "item": "minecraft:dye",
      "data": 8
     }
    ]
   }
  }
 },
 "requirements": [
  [
   "has_item_0"
  ]
 ]
}