{
 "parent": "minecraft:recipes/root",
 "rewards": {
  "recipes": [
   "ic2:shapeless_item.itemtoolpainterlightgrey_1153381287",
   "ic2:shaped_tile.blockwall_-811413498",
   "ic2:shapeless_tile.blockwall_1632287916",
   "ic2:shaped_tile.blockwool_-432095695",
   "ic2:shapeless_tile.blockwool_1271343682"
  ]
 },
 "criteria": {
  "has_item_0": {
   "trigger": "minecraft:inventory_changed",
   "conditions": {
    "items": [
     {
      "item": "minecraft:dye",
      "data": 7
     }
    ]
   }
  }
 },
 "requirements": [
  [
   "has_item_0"
  ]
 ]
}