{
 "parent": "minecraft:recipes/root",
 "rewards": {
  "recipes": [
   "ic2:shapeless_item.itemtoolpaintercloud_1148603691",
   "ic2:shaped_tile.blockwall_2061585674",
   "ic2:shapeless_tile.blockwall_1627510320",
   "ic2:shaped_tile.blockwool_-1854063819",
   "ic2:shapeless_tile.blockwool_1266566086"
  ]
 },
 "criteria": {
  "has_item_0": {
   "trigger": "minecraft:inventory_changed",
   "conditions": {
    "items": [
     {
      "item": "minecraft:dye",
      "data": 12
     }
    ]
   }
  }
 },
 "requirements": [
  [
   "has_item_0"
  ]
 ]
}