{
 "parent": "minecraft:recipes/root",
 "rewards": {
  "recipes": [
   "ic2:shapeless_item.itemtoolpainterlime_-1798300376",
   "ic2:shaped_tile.blockwall_1829930887",
   "ic2:shapeless_tile.blockwall_-1319393747",
   "ic2:shaped_tile.blockwool_-2085718606",
   "ic2:shapeless_tile.blockwool_-1680337981"
  ]
 },
 "criteria": {
  "has_item_0": {
   "trigger": "minecraft:inventory_changed",
   "conditions": {
    "items": [
     {
      "item": "minecraft:dye",
      "data": 10
     }
    ]
   }
  }
 },
 "requirements": [
  [
   "has_item_0"
  ]
 ]
}