{
 "parent": "minecraft:recipes/root",
 "rewards": {
  "recipes": [
   "ic2:shapeless_item.itemtoolpainterorange_-414362005",
   "ic2:shaped_tile.blockwall_1495795018",
   "ic2:shapeless_tile.blockwall_64544624",
   "ic2:shaped_tile.blockwool_1875112821",
   "ic2:shapeless_tile.blockwool_-296399610"
  ]
 },
 "criteria": {
  "has_item_0": {
   "trigger": "minecraft:inventory_changed",
   "conditions": {
    "items": [
     {
      "item": "minecraft:dye",
      "data": 14
     }
    ]
   }
  }
 },
 "requirements": [
  [
   "has_item_0"
  ]
 ]
}