{
 "parent": "minecraft:recipes/root",
 "rewards": {
  "recipes": [
   "ic2:shapeless_item.itemtoolpainterpink_-1794605176",
   "ic2:shaped_tile.blockwall_-45641113",
   "ic2:shapeless_tile.blockwall_-1315698547",
   "ic2:shaped_tile.blockwool_333676690",
   "ic2:shapeless_tile.blockwool_-1676642781"
  ]
 },
 "criteria": {
  "has_item_0": {
   "trigger": "minecraft:inventory_changed",
   "conditions": {
    "items": [
     {
      "item": "minecraft:dye",
      "data": 9
     }
    ]
   }
  }
 },
 "requirements": [
  [
   "has_item_0"
  ]
 ]
}