{
 "parent": "minecraft:recipes/root",
 "rewards": {
  "recipes": [
   "ic2:shapeless_item.itemtoolpainterpurple_574793094",
   "ic2:shaped_tile.blockwall_2075519845",
   "ic2:shapeless_tile.blockwall_1053699723",
   "ic2:shaped_tile.blockwool_-1840129648",
   "ic2:shapeless_tile.blockwool_692755489"
  ]
 },
 "criteria": {
  "has_item_0": {
   "trigger": "minecraft:inventory_changed",
   "conditions": {
    "items": [
     {
      "item": "minecraft:dye",
      "data": 5
     }
    ]
   }
  }
 },
 "requirements": [
  [
   "has_item_0"
  ]
 ]
}