{
 "parent": "minecraft:recipes/root",
 "rewards": {
  "recipes": [
   "ic2:shapeless_item.itemtoolpainterred_-848405003",
   "ic2:shaped_tile.blockwall_-952813996",
   "ic2:shapeless_tile.blockwall_-369498374",
   "ic2:shaped_tile.blockwool_-573496193",
   "ic2:shapeless_tile.blockwool_-730442608"
  ]
 },
 "criteria": {
  "has_item_0": {
   "trigger": "minecraft:inventory_changed",
   "conditions": {
    "items": [
     {
      "item": "minecraft:dye",
      "data": 1
     }
    ]
   }
  }
 },
 "requirements": [
  [
   "has_item_0"
  ]
 ]
}