{
 "parent": "minecraft:recipes/root",
 "rewards": {
  "recipes": [
   "ic2:shapeless_item.itemtoolpainterwhite_-860988657",
   "ic2:shaped_tile.blockwall_-440844434",
   "ic2:shapeless_tile.blockwall_-382082028",
   "ic2:shaped_tile.blockwool_-61526631",
   "ic2:shapeless_tile.blockwool_-743026262"
  ]
 },
 "criteria": {
  "has_item_0": {
   "trigger": "minecraft:inventory_changed",
   "conditions": {
    "items": [
     {
      "item": "minecraft:dye",
      "data": 15
     }
    ]
   }
  }
 },
 "requirements": [
  [
   "has_item_0"
  ]
 ]
}