{
 "parent": "minecraft:recipes/root",
 "rewards": {
  "recipes": [
   "ic2:shapeless_item.itemtoolpainteryellow_-491331448",
   "ic2:shaped_tile.blockwall_393462375",
   "ic2:shapeless_tile.blockwall_-12424819",
   "ic2:shaped_tile.blockwool_772780178",
   "ic2:shapeless_tile.blockwool_-373369053"
  ]
 },
 "criteria": {
  "has_item_0": {
   "trigger": "minecraft:inventory_changed",
   "conditions": {
    "items": [
     {
      "item": "minecraft:dye",
      "data": 11
     }
    ]
   }
  }
 },
 "requirements": [
  [
   "has_item_0"
  ]
 ]
}