{
 "parent": "minecraft:recipes/root",
 "rewards": {
  "recipes": [
   "ic2:shaped_item.itemarmorjetpacknuclear_1581290274",
   "ic2:shaped_item.itemarmorcombinedjetpack_1604687096",
   "ic2:shaped_item.itemarmornuclearcombindedjetpack_983003988",
   "ic2:shapeless_item.itemarmorjetpackelectric_1719366881",
   "ic2:shapeless_item.itemarmorjetpackelectric_1771326080",
   "ic2:shapeless_item.itemarmorjetpackelectric_-1436639531",
   "ic2:shapeless_item.itemarmorjetpackelectric_1331250917",
   "ic2:shapeless_item.itemarmorjetpackelectric_1048359230",
   "ic2:shapeless_item.itemarmorjetpackelectric_516523685"
  ]
 },
 "criteria": {
  "has_item": {
   "trigger": "minecraft:inventory_changed",
   "conditions": {
    "items": [
     {
      "item": "ic2:itemarmorjetpackelectric",
      "data": 0
     }
    ]
   }
  }
 },
 "requirements": [
  [
   "has_item"
  ]
 ]
}