{
 "parent": "minecraft:recipes/root",
 "rewards": {
  "recipes": [
   "ic2:shaped_item.precisionwrench_-1943783685",
   "ic2:shaped_item.itemmachinetool_104783942",
   "ic2:shaped_item.upgradekit.crystalizor_781139859",
   "ic2:shaped_item.upgradekit.lapotronic_361506353",
   "ic2:shaped_item.upgradekit.fission_-1402628025"
  ]
 },
 "criteria": {
  "has_item": {
   "trigger": "minecraft:inventory_changed",
   "conditions": {
    "items": [
     {
      "item": "ic2:itemtoolwrenchelectric",
      "data": 0
     }
    ]
   }
  }
 },
 "requirements": [
  [
   "has_item"
  ]
 ]
}