{
 "parent": "minecraft:recipes/root",
 "rewards": {
  "recipes": [
   "ic2:shapeless_tile.advcomparator_-449813643",
   "ic2:shaped_item.itemdetectorcable_-672577649",
   "ic2:shaped_tile.blocksolargenerator_1093731471",
   "ic2:shaped_tile.blocksolargenerator_261816397",
   "ic2:shaped_tile.basicturbine_-1045408944",
   "ic2:shaped_tile.wavegenerator_1752336958",
   "ic2:shaped_tile.mvrfproducer_1406508351",
   "ic2:shaped_tile.mvrfproducer_606762265",
   "ic2:shaped_tile.blockelecfurnace_-6291934",
   "ic2:shaped_tile.blockmacerator_127744036",
   "ic2:shaped_tile.blockmacerator_2072794668",
   "ic2:shaped_tile.blockextractor_-1404085260",
   "ic2:shaped_tile.blockcompressor_-1019977500",
   "ic2:shaped_tile.blockcanner_-1437776888",
   "ic2:shaped_tile.blockelectrolyzer_-502750552",
   "ic2:shaped_tile.blockcropscanner_-1289883511",
   "ic2:shaped_tile.blockpump_-527344087",
   "ic2:shaped_tile.blockminer_-59581574",
   "ic2:shaped_tile.blockcropmatron_1348153838",
   "ic2:shaped_tile.blockelectricwoodgasser_-1788992296",
   "ic2:shaped_tile.blockcroplibrary_1883857081",
   "ic2:shaped_tile.blockmachinebuffer_-989169435",
   "ic2:shaped_tile.blockindustrialworktable_2049276174",
   "ic2:shaped_tile.blocksawmill_-1444206344",
   "ic2:shaped_tile.blocktesla_1114556539",
   "ic2:shaped_tile.blockcropharvester_2128563852",
   "ic2:shaped_tile.blocktransformerhv_1731718210",
   "ic2:shaped_tile.chargepadlv_1572484916",
   "ic2:shaped_tile.chargepadmv_1572514738",
   "ic2:shaped_tile.blockpersonalchest_-1405328861",
   "ic2:shaped_tile.blockpersonalenergystoragebatbox_1253794578",
   "ic2:shaped_tile.blockpersonalenergystoragemfe_1253218358",
   "ic2:shaped_tile.blockpersonalenergystoragemfsu_1245973306",
   "ic2:shaped_item.itempartcircuitadv_-1948043137",
   "ic2:shaped_item.itempartcircuitadv_-205948801",
   "ic2:shaped_item.itemtooldrill_-1588477206",
   "ic2:shaped_item.itemtoolchainsaw_-824616294",
   "ic2:shaped_item.itemtoolhoe_-137638623",
   "ic2:shaped_item.itemtoolwrenchelectric_883008511",
   "ic2:shaped_item.itemtreetapelectric_-1455688385",
   "ic2:shaped_item.electricsprayer_-335930196",
   "ic2:shaped_item.itemmowingtool_351707617",
   "ic2:shaped_item.itemscanner_974188857",
   "ic2:shapeless_item.rangedscanner.od_-1452016673",
   "ic2:shapeless_item.bigrangedscanner.od_-1451957029",
   "ic2:shaped_item.itemloworevaluescanner_153560531",
   "ic2:shaped_item.itemhighorevaluescanner_-1038626105",
   "ic2:shaped_item.itemtoolmeter_605120665",
   "ic2:shaped_item.itemcropanalyzer_-2125675967",
   "ic2:shaped_item.itemremote_-1875509251",
   "ic2:shapeless_item.itemfreq_-176120668",
   "ic2:shaped_item.itembatlamacrystal_1330077638",
   "ic2:shaped_item.itemtfbp_-1569850347",
   "ic2:shaped_item.itemupgradebase_1071691671",
   "ic2:shaped_item.itemupgradebase_1530297363",
   "ic2:shaped_item.overclockerupgrade_664836497",
   "ic2:shaped_item.overclockerupgrade_-971187632",
   "ic2:shaped_item.overclockerupgrade_1687755535",
   "ic2:shaped_item.transformerupgrade_1140948114",
   "ic2:shaped_item.energystorageupgrade_348377377",
   "ic2:shaped_item.basicitemimportupgrade_-1331404951",
   "ic2:shaped_item.basicitemexportupgrade_-616742895",
   "ic2:shaped_item.itemimportupgrade_-1753791654",
   "ic2:shaped_item.itemexportupgrade_-1751944550",
   "ic2:shaped_item.filteredimportupgrade_-1742709030",
   "ic2:shaped_item.filteredexportupgrade_-1740861926",
   "ic2:shaped_item.basicfluidimportupgrade_-2012142610",
   "ic2:shaped_item.basicfluidexportupgrade_-1297480554",
   "ic2:shaped_item.craftingupgrade_759630800",
   "ic2:shaped_item.upgradekit.crystalizor_781139859",
   "ic2:shaped_item.slotdiversityupgrade_-1906058703",
   "ic2:shaped_item.itemarmorbatpack_-608002108",
   "ic2:shaped_item.itemarmorcfpack_-1991205650",
   "ic2:shaped_item.itemadvancedsolarhelmet_1664461493",
   "ic2:shaped_item.itemarmorjetpack_176647782",
   "ic2:shaped_item.reactorheatpack_241122402",
   "ic2:shaped_item.reactorheatswitch_688109925",
   "ic2:shaped_item.reactorheatswitchdiamond_1615582708"
  ]
 },
 "criteria": {
  "has_item": {
   "trigger": "minecraft:inventory_changed",
   "conditions": {
    "items": [
     {
      "item": "ic2:itemmisc",
      "data": 451
     }
    ]
   }
  }
 },
 "requirements": [
  [
   "has_item"
  ]
 ]
}