{
 "parent": "minecraft:recipes/root",
 "rewards": {
  "recipes": [
   "ic2:shaped_tile.blockgeogenerator_1225023507",
   "ic2:shaped_tile.blockelectrolyzer_-502750552",
   "ic2:shaped_tile.blockpump_-527344087",
   "ic2:shaped_tile.blockwoodgasser_-247399190",
   "ic2:shaped_tile.blockelectricwoodgasser_1488666364",
   "ic2:shapeless_item.itemcellcoal_-1724992647",
   "ic2:shapeless_item.itemcellbio_-1724993546",
   "ic2:shapeless_item.itemcellwater_-2075354056",
   "ic2:shapeless_item.itemcelllava_-186668361",
   "ic2:shaped_item.itemweedex_70796626",
   "ic2:shaped_item.itemcelluranempty_-1582032965",
   "ic2:shapeless_item.reactoruraniumsimple_-1804731375",
   "ic2:shaped_item.itemcellredstoneenricheduranempty_192974428",
   "ic2:shapeless_item.reactoruraniumredstonesimple_-1804729360",
   "ic2:shaped_item.itemcellblazeenricheduranempty_1080478140",
   "ic2:shapeless_item.reactoruraniumblazesimple_-1804728306",
   "ic2:shaped_item.itemcellenderpearlenricheduranempty_1967981852",
   "ic2:shapeless_item.reactoruraniumenderpearlsimple_-1804727252",
   "ic2:shaped_item.itemcellnetherstarenricheduranempty_-1439481732",
   "ic2:shapeless_item.reactoruraniumnetherstarsimple_-1804726198",
   "ic2:shaped_item.itemcellcharcoalenricheduranempty_-551978020",
   "ic2:shapeless_item.reactoruraniumcharcoalsimple_-1804725144"
  ]
 },
 "criteria": {
  "has_item": {
   "trigger": "minecraft:inventory_changed",
   "conditions": {
    "items": [
     {
      "item": "ic2:itemcellempty",
      "data": 0
     }
    ]
   }
  }
 },
 "requirements": [
  [
   "has_item"
  ]
 ]
}