{
 "parent": "minecraft:recipes/root",
 "rewards": {
  "recipes": [
   "ic2:shaped_tile.blockmfe_-1307270245",
   "ic2:shaped_tile.blockmfe_2004107975",
   "ic2:shaped_tile.blocktransformerhv_1731718210",
   "ic2:shaped_item.itemtoolmininglaser_1732214669",
   "ic2:shaped_item.itemnanosaber_644260803",
   "ic2:shaped_item.itemobscurator_875431006",
   "ic2:shaped_item.itembatlamacrystal_1330077638",
   "ic2:shaped_item.padupgrade.wideband_713314332",
   "ic2:shaped_item.itemarmornanohelmet_-1656196021",
   "ic2:shaped_item.itemarmornanochestplate_-541266974",
   "ic2:shaped_item.itemarmornanolegs_-1030090915",
   "ic2:shaped_item.itemarmornanoboots_1909286965",
   "ic2:shaped_item.nanoshield_324208360"
  ]
 },
 "criteria": {
  "has_item": {
   "trigger": "minecraft:inventory_changed",
   "conditions": {
    "items": [
     {
      "item": "ic2:itembatcrystal",
      "data": 0
     }
    ]
   }
  }
 },
 "requirements": [
  [
   "has_item"
  ]
 ]
}