{
 "parent": "minecraft:recipes/root",
 "rewards": {
  "recipes": [
   "ic2:shaped_item.padupgrade.proximity_-697789255",
   "ic2:shaped_item.padupgrade.wideband_713314332",
   "ic2:shaped_item.padupgrade.fieldexp2_-332480786",
   "ic2:shaped_item.padupgrade.fieldexp3_193075817"
  ]
 },
 "criteria": {
  "has_item": {
   "trigger": "minecraft:inventory_changed",
   "conditions": {
    "items": [
     {
      "item": "ic2:itemcable",
      "data": 12
     }
    ]
   }
  }
 },
 "requirements": [
  [
   "has_item"
  ]
 ]
}