{
 "parent": "minecraft:recipes/root",
 "rewards": {
  "recipes": [
   "ic2:shaped_tile.blockbatterybox_214394435",
   "ic2:shaped_tile.blocktransformeriv_1876908464",
   "ic2:shaped_tile.blockadjustabletranformer_56423257",
   "ic2:shaped_item.itemarmorjetpacknuclear_1581290274",
   "ic2:shaped_item.itemarmornuclearcombindedjetpack_1420856751"
  ]
 },
 "criteria": {
  "has_item": {
   "trigger": "minecraft:inventory_changed",
   "conditions": {
    "items": [
     {
      "item": "ic2:blockelectric",
      "data": 11
     }
    ]
   }
  }
 },
 "requirements": [
  [
   "has_item"
  ]
 ]
}