{
 "parent": "minecraft:recipes/root",
 "rewards": {
  "recipes": [
   "ic2:shaped_tile.blockwoodgasser_-247399190",
   "ic2:shaped_tile.blockelectricwoodgasser_1488666364",
   "ic2:shaped_tile.blockrareearthextractor_411055417",
   "ic2:shaped_tile.blockcentrifug_1749173018",
   "ic2:shaped_tile.blockuraniumenricher_-1873277877"
  ]
 },
 "criteria": {
  "has_item": {
   "trigger": "minecraft:inventory_changed",
   "conditions": {
    "items": [
     {
      "item": "ic2:blockmachinelv",
      "data": 4
     }
    ]
   }
  }
 },
 "requirements": [
  [
   "has_item"
  ]
 ]
}