{
 "parent": "minecraft:recipes/root",
 "rewards": {
  "recipes": [
   "ic2:shaped_tile.blockitnt_1517595819",
   "ic2:shaped_tile.blockitnt_-952709973",
   "ic2:shaped_tile.blockmacerator_2072794668",
   "ic2:shaped_tile.blockstonemacerator_-130868445",
   "ic2:shaped_item.itempartcoalball_-2016926763",
   "ic2:shaped_item.scrapmetalblade_2131373271",
   "ic2:shaped_item.itemrawobsidianblade_-1888408140"
  ]
 },
 "criteria": {
  "has_item": {
   "trigger": "minecraft:inventory_changed",
   "conditions": {
    "items": [
     {
      "item": "minecraft:flint",
      "data": 32767
     }
    ]
   }
  }
 },
 "requirements": [
  [
   "has_item"
  ]
 ]
}