{
 "parent": "minecraft:recipes/root",
 "rewards": {
  "recipes": [
   "ic2:shaped_tile.blocksoundbeacon_755381740",
   "ic2:shaped_tile.blockteleporter_1949721530",
   "ic2:shaped_item.itemremote_-29641634",
   "ic2:shaped_item.padupgrade.fieldexp1_-245426917"
  ]
 },
 "criteria": {
  "has_item": {
   "trigger": "minecraft:inventory_changed",
   "conditions": {
    "items": [
     {
      "item": "ic2:itemfreq",
      "data": 0
     }
    ]
   }
  }
 },
 "requirements": [
  [
   "has_item"
  ]
 ]
}