{
 "parent": "minecraft:recipes/root",
 "rewards": {
  "recipes": [
   "ic2:shaped_item.itemglasscable_-542195504",
   "ic2:shaped_item.itemglasscable_-410929364",
   "ic2:shaped_tile.blockteleporter_1949721530",
   "ic2:shaped_item.itempartiridium_1100834802",
   "ic2:shaped_item.itemtoolddrill_1955483893",
   "ic2:shaped_item.itembatcrystal_-1564046631",
   "ic2:shaped_item.reactorventdiamond_712649438",
   "ic2:shaped_item.reactorsteamventdiamond_-1252187392"
  ]
 },
 "criteria": {
  "has_item_0": {
   "trigger": "minecraft:inventory_changed",
   "conditions": {
    "items": [
     {
      "item": "minecraft:diamond",
      "data": 0
     }
    ]
   }
  },
  "has_item_1": {
   "trigger": "minecraft:inventory_changed",
   "conditions": {
    "items": [
     {
      "item": "ic2:itemmisc",
      "data": 253
     }
    ]
   }
  }
 },
 "requirements": [
  [
   "has_item_0",
   "has_item_1"
  ]
 ]
}