{
 "parent": "minecraft:recipes/root",
 "rewards": {
  "recipes": [
   "ic2:shaped_tile.blockgeogenerator_1225023507",
   "ic2:shaped_tile.blockwatergenerator_-2059790844",
   "ic2:shaped_tile.blocksolargenerator_1093731471",
   "ic2:shaped_tile.blocksolargenerator_261816397",
   "ic2:shaped_tile.blockwindgenerator_1669945012",
   "ic2:shaped_tile.blocknuclearreactor_1318009097",
   "ic2:shaped_tile.basicturbine_-1045408944",
   "ic2:shaped_tile.blockliquidfuelgenerator_606615928",
   "ic2:shaped_tile.blockslaggenerator_-854597266"
  ]
 },
 "criteria": {
  "has_item": {
   "trigger": "minecraft:inventory_changed",
   "conditions": {
    "items": [
     {
      "item": "ic2:blockgenerator",
      "data": 0
     }
    ]
   }
  }
 },
 "requirements": [
  [
   "has_item"
  ]
 ]
}