{
 "parent": "minecraft:recipes/root",
 "rewards": {
  "recipes": [
   "ic2:shaped_tile.blockteleporter_1949721530",
   "ic2:shaped_tile.blockbatterybox_214394435",
   "ic2:shaped_item.quantumaccumulator_-358156310",
   "ic2:shaped_item.efficiencyupgrade_-37993625",
   "ic2:shaped_item.reactorheatswitchdiamond_1615582708"
  ]
 },
 "criteria": {
  "has_item": {
   "trigger": "minecraft:inventory_changed",
   "conditions": {
    "items": [
     {
      "item": "ic2:itemcable",
      "data": 9
     }
    ]
   }
  }
 },
 "requirements": [
  [
   "has_item"
  ]
 ]
}