{
 "parent": "minecraft:recipes/root",
 "rewards": {
  "recipes": [
   "ic2:shaped_tile.blockrecycler_1032153698",
   "ic2:shaped_tile.blockrareearthextractor_411055417",
   "ic2:shaped_tile.blockterra_-372409081",
   "ic2:shaped_tile.blockmatter_1416524227",
   "ic2:shaped_item.itempartcircuitadv_-1948043137",
   "ic2:shaped_item.itempartcircuitadv_-205948801",
   "ic2:shaped_item.itemnanosaber_644260803",
   "ic2:shaped_item.itemscanner_974188857",
   "ic2:shaped_item.itemscanneradv_860908855",
   "ic2:shaped_item.itemscanneradv_871078157",
   "ic2:shaped_item.itemscanneradv_1002830143",
   "ic2:shaped_item.itemscanneradv_1012999445",
   "ic2:shaped_item.rangedscanner.od_1188558240",
   "ic2:shaped_item.rangedscanner.od_1199055243",
   "ic2:shaped_item.rangedscanner.ov_-1334969539",
   "ic2:shaped_item.rangedscanner.ov_-1324472536",
   "ic2:shaped_item.bigrangedscanner.od_-39355369",
   "ic2:shaped_item.bigrangedscanner.ov_-1675379467",
   "ic2:shaped_item.itemloworevaluescanner_153560531",
   "ic2:shaped_item.itemmedorevaluescanner_-42923152",
   "ic2:shaped_item.itemhighorevaluescanner_-1038626105",
   "ic2:shaped_item.itemsettedorevaluescanner_-347140118",
   "ic2:shaped_item.itemtoolmeter_605120665",
   "ic2:shaped_item.itemremote_-1875509251",
   "ic2:shaped_item.padupgrade.armorpriority_1547285314",
   "ic2:shaped_item.padupgrade.drain_417380686",
   "ic2:shaped_item.itemarmorquantumlegs_-1246661396",
   "ic2:shaped_item.itemarmorjetpackelectric_463682701"
  ]
 },
 "criteria": {
  "has_item": {
   "trigger": "minecraft:inventory_changed",
   "conditions": {
    "items": [
     {
      "item": "minecraft:glowstone_dust",
      "data": 32767
     }
    ]
   }
  }
 },
 "requirements": [
  [
   "has_item"
  ]
 ]
}