{
 "parent": "minecraft:recipes/root",
 "rewards": {
  "recipes": [
   "ic2:shapeless_item.itemarmorjetpackelectric_1771326080",
   "ic2:shapeless_item.itemarmorjetpacknuclear_385194528",
   "ic2:shapeless_item.itemarmorcombinedjetpack_690987584",
   "ic2:shapeless_item.itemarmornuclearcombindedjetpack_-1630501888"
  ]
 },
 "criteria": {
  "has_item": {
   "trigger": "minecraft:inventory_changed",
   "conditions": {
    "items": [
     {
      "item": "minecraft:golden_chestplate",
      "data": 0
     }
    ]
   }
  }
 },
 "requirements": [
  [
   "has_item"
  ]
 ]
}