{
 "parent": "minecraft:recipes/root",
 "rewards": {
  "recipes": [
   "ic2:shaped_item.reactorventspread_2144532227",
   "ic2:shaped_item.reactorcondensator_-1485090412",
   "ic2:shaped_item.reactorventcore_-313378266",
   "ic2:shaped_item.reactorventdiamond_712649438",
   "ic2:shaped_item.reactorsteamvent_1751728657",
   "ic2:shaped_item.reactorelectricvent_-688841483"
  ]
 },
 "criteria": {
  "has_item": {
   "trigger": "minecraft:inventory_changed",
   "conditions": {
    "items": [
     {
      "item": "ic2:itemheatvent",
      "data": 0
     }
    ]
   }
  }
 },
 "requirements": [
  [
   "has_item"
  ]
 ]
}