{
 "parent": "minecraft:recipes/root",
 "rewards": {
  "recipes": [
   "ic2:shaped_item.reactorcondensator_-1485090412",
   "ic2:shaped_item.reactorheatswitchcore_56710391",
   "ic2:shaped_item.reactorheatswitchspread_94917204",
   "ic2:shaped_item.reactorheatswitchdiamond_1615582708"
  ]
 },
 "criteria": {
  "has_item": {
   "trigger": "minecraft:inventory_changed",
   "conditions": {
    "items": [
     {
      "item": "ic2:itemheatswtiches",
      "data": 0
     }
    ]
   }
  }
 },
 "requirements": [
  [
   "has_item"
  ]
 ]
}