{
 "parent": "minecraft:recipes/root",
 "rewards": {
  "recipes": [
   "ic2:shaped_tile.blockwatermillhv_-1123778575",
   "ic2:shaped_tile.hvrfproducer_-454162623",
   "ic2:shaped_tile.hvrfproducer_1523819610",
   "ic2:shaped_tile.blocktransformerev_467000066"
  ]
 },
 "criteria": {
  "has_item": {
   "trigger": "minecraft:inventory_changed",
   "conditions": {
    "items": [
     {
      "item": "ic2:blockelectric",
      "data": 10
     }
    ]
   }
  }
 },
 "requirements": [
  [
   "has_item"
  ]
 ]
}