{
 "parent": "minecraft:recipes/root",
 "rewards": {
  "recipes": [
   "ic2:shaped_item.itemgoldcable_-121137345",
   "ic2:shaped_item.itemgoldcablei_605816287",
   "ic2:shaped_item.itemgoldcableii_1066149022",
   "ic2:shaped_item.reactorheatswitchspread_94917204",
   "ic2:shaped_item.reactorventgold_2067100004",
   "ic2:shaped_item.reactorsteamventgold_2067398224"
  ]
 },
 "criteria": {
  "has_item_0": {
   "trigger": "minecraft:inventory_changed",
   "conditions": {
    "items": [
     {
      "item": "minecraft:gold_ingot",
      "data": 0
     }
    ]
   }
  }
 },
 "requirements": [
  [
   "has_item_0"
  ]
 ]
}