{
 "parent": "minecraft:recipes/root",
 "rewards": {
  "recipes": [
   "ic2:shaped_tile.blockluminator_1198780764",
   "ic2:shaped_tile.blockironscaffold_-1509341361",
   "ic2:shaped_tile.blockfenceiron_1986006418",
   "ic2:shaped_tile.blockminingpipe_1519044824",
   "ic2:shaped_item.itemironcable_1314416875",
   "ic2:shaped_item.itemironcablei_926773675",
   "ic2:shaped_item.itemironcableii_268464298",
   "ic2:shaped_item.itemplasmacable_449044295",
   "ic2:shaped_tile.blockgenerator_234578637",
   "ic2:shaped_tile.blockgeogenerator_1225023507",
   "ic2:shaped_tile.blockwindgenerator_1669945012",
   "ic2:shaped_tile.blockthermalgenerator_1053004507",
   "ic2:shaped_tile.wavegenerator_1752336958",
   "ic2:shaped_tile.oceangenerator_-1674978904",
   "ic2:shaped_tile.blockmachine_527557260",
   "ic2:shaped_tile.blockmacerator_127744036",
   "ic2:shaped_tile.blockrecycler_1032153698",
   "ic2:shaped_tile.blockwoodgasser_-247399190",
   "ic2:shaped_tile.blocktesla_1114556539",
   "ic2:shaped_item.itempartcircuit_1058514721",
   "ic2:shaped_item.itempartcircuit_1521116961",
   "ic2:shaped_item.itemingotalloy_-650149377",
   "ic2:shaped_item.itemturbineblade_767220917",
   "ic2:shaped_item.itemelectricboat_-1336857318",
   "ic2:shaped_item.itemtooldrill_-1588477206",
   "ic2:shaped_item.itemtoolchainsaw_-824616294",
   "ic2:shaped_item.itemtoolhoe_-137638623",
   "ic2:shaped_item.itemmowingtool_351707617",
   "ic2:shaped_item.itemtoolcutter_241486317",
   "ic2:shaped_item.itemtoolbox_1453406134",
   "ic2:shaped_item.itemarmorjetpack_176647782",
   "ic2:shaped_item.itemarmorjetpackelectric_463682701",
   "ic2:shaped_item.reactorvent_-795420664"
  ]
 },
 "criteria": {
  "has_item_0": {
   "trigger": "minecraft:inventory_changed",
   "conditions": {
    "items": [
     {
      "item": "ic2:itemmisc",
      "data": 53
     }
    ]
   }
  }
 },
 "requirements": [
  [
   "has_item_0"
  ]
 ]
}