{
 "parent": "minecraft:recipes/root",
 "rewards": {
  "recipes": [
   "ic2:shaped_tile.blockmetalsilver_-142681042",
   "ic2:shaped_tile.pistonbase_-1396270190",
   "ic2:shaped_item.itemglasscable_-410929364",
   "ic2:shaped_tile.blockliquidfuelgenerator_606615928",
   "ic2:shaped_tile.blockuraniumenricher_-1873277877",
   "ic2:shaped_tile.blocktransformerev_467000066",
   "ic2:shaped_item.itemupgradebase_1530297363",
   "ic2:shaped_item.slotaccessmodifierupgrade_-723358699"
  ]
 },
 "criteria": {
  "has_item_0": {
   "trigger": "minecraft:inventory_changed",
   "conditions": {
    "items": [
     {
      "item": "ic2:itemmisc",
      "data": 54
     }
    ]
   }
  }
 },
 "requirements": [
  [
   "has_item_0"
  ]
 ]
}