{
 "parent": "minecraft:recipes/root",
 "rewards": {
  "recipes": [
   "ic2:shaped_tile.blockmetalbronze_-443960957",
   "ic2:shaped_tile.rail_-488481195",
   "ic2:shaped_tile.pistonbase_514029861",
   "ic2:shaped_tile.hopper_-82413824",
   "ic2:shaped_item.itembronzecable_1006731162",
   "ic2:shaped_item.itembronzecablei_-251775529",
   "ic2:shaped_item.itembronzecablei_-1648233001",
   "ic2:shaped_item.itembronzecableii_-1791473741",
   "ic2:shaped_item.itembronzecableii_-77292557",
   "ic2:shaped_tile.blocksawmill_-1444206344",
   "ic2:shaped_item.itemingotalloy_-650149377",
   "ic2:shaped_item.itemtoolwrench_-354759652",
   "ic2:shaped_item.itemtoolbronzepickaxe_-1049543665",
   "ic2:shaped_item.itemtoolbronzeaxe_-2934988",
   "ic2:shaped_item.itemtoolbronzehoe_518325185",
   "ic2:shaped_item.itemtoolbronzesword_-462581388",
   "ic2:shaped_item.itemtoolbronzespade_973905411",
   "ic2:shaped_item.redstonesensitivityupgrade_2128039054",
   "ic2:shaped_item.itemarmorbronzehelmet_-1113792228",
   "ic2:shaped_item.itemarmorbronzechestplate_1987177343",
   "ic2:shaped_item.itemarmorbronzelegs_-470991310",
   "ic2:shaped_item.itemarmorbronzeboots_-256726719",
   "ic2:shaped_item.bronzeshield_-1471606490"
  ]
 },
 "criteria": {
  "has_item_0": {
   "trigger": "minecraft:inventory_changed",
   "conditions": {
    "items": [
     {
      "item": "ic2:itemmisc",
      "data": 52
     }
    ]
   }
  }
 },
 "requirements": [
  [
   "has_item_0"
  ]
 ]
}