{
 "parent": "minecraft:recipes/root",
 "rewards": {
  "recipes": [
   "ic2:shaped_tile.blockmetaltin_-1414395917",
   "ic2:shaped_item.itemtincable_1475909484",
   "ic2:shaped_tile.blockcanner_-1437776888",
   "ic2:shaped_item.itemingotalloy_-650149377",
   "ic2:shaped_item.bucket_-1334477105",
   "ic2:shaped_item.itemcellempty_-1610951248",
   "ic2:shaped_item.itemfuelcanempty_-1721329684",
   "ic2:shaped_item.itemtincan_-1982852388",
   "ic2:shaped_item.itemremote_-29641634",
   "ic2:shaped_item.itemthermometer_1507613392",
   "ic2:shaped_item.itembatre_2077392104",
   "ic2:shaped_item.redstoneinverterupgrade_233947920",
   "ic2:shaped_item.itemarmorbatpack_-608002108",
   "ic2:shaped_item.itemarmorcfpack_-1991205650",
   "ic2:shaped_item.reactorcoolantsimple_-484238369",
   "ic2:shaped_item.reactorcoolanttriple_1052008285",
   "ic2:shaped_item.reactorcoolanttriple_-606011908",
   "ic2:shaped_item.reactorcoolantsix_-1912497898",
   "ic2:shaped_item.reactorventspread_2144532227",
   "ic2:shaped_item.reactorheatswitch_688109925"
  ]
 },
 "criteria": {
  "has_item_0": {
   "trigger": "minecraft:inventory_changed",
   "conditions": {
    "items": [
     {
      "item": "ic2:itemmisc",
      "data": 51
     }
    ]
   }
  }
 },
 "requirements": [
  [
   "has_item_0"
  ]
 ]
}