{
 "parent": "minecraft:recipes/root",
 "rewards": {
  "recipes": [
   "ic2:shaped_tile.blockironfurnace_83879723",
   "ic2:shaped_tile.blockironfurnace_-816243240",
   "ic2:shaped_item.itemrareearthchunk_-645059606",
   "ic2:shaped_item.itemtoolpainter_-1855324498",
   "ic2:shaped_item.itemtoolcutter_241486317",
   "ic2:shaped_item.itemsolarhelmet_654906048",
   "ic2:shaped_item.itemstaticboots_-1078046344"
  ]
 },
 "criteria": {
  "has_item_0": {
   "trigger": "minecraft:inventory_changed",
   "conditions": {
    "items": [
     {
      "item": "minecraft:iron_ingot",
      "data": 0
     }
    ]
   }
  }
 },
 "requirements": [
  [
   "has_item_0"
  ]
 ]
}