{
 "parent": "minecraft:recipes/root",
 "rewards": {
  "recipes": [
   "ic2:shaped_tile.blockmetalcopper_-541776602",
   "ic2:shaped_item.itemcable_-895690168",
   "ic2:shaped_item.itemcablei_1114825827",
   "ic2:shaped_item.itemcablei_156664931",
   "ic2:shaped_tile.lvrfproducer_550770941",
   "ic2:shaped_tile.mvrfproducer_1406508351",
   "ic2:shaped_tile.hvrfproducer_-454162623",
   "ic2:shaped_tile.blocksoundbeacon_755381740",
   "ic2:shaped_tile.blockinduction_-1602486697",
   "ic2:shaped_tile.blocktransformerlv_-552974589",
   "ic2:shaped_item.itemupgradebase_1071691671",
   "ic2:shaped_item.basicitemimportupgrade_-1331404951",
   "ic2:shaped_item.basicitemexportupgrade_-616742895",
   "ic2:shaped_item.basicfluidimportupgrade_-2012142610",
   "ic2:shaped_item.basicfluidexportupgrade_-1297480554"
  ]
 },
 "criteria": {
  "has_item_0": {
   "trigger": "minecraft:inventory_changed",
   "conditions": {
    "items": [
     {
      "item": "ic2:itemmisc",
      "data": 50
     }
    ]
   }
  }
 },
 "requirements": [
  [
   "has_item_0"
  ]
 ]
}