{
 "parent": "minecraft:recipes/root",
 "rewards": {
  "recipes": [
   "ic2:shaped_tile.blockiridiumstone_-48520064",
   "ic2:shaped_tile.blockboiler_-1076301620",
   "ic2:shaped_tile.blockpesu_281205134",
   "ic2:shaped_tile.chargepadnuclear_-508642043",
   "ic2:shaped_item.itemtoolddrill_1069990776",
   "ic2:shaped_item.itemtoolddrill_848170649",
   "ic2:shaped_item.precisionwrench_-1943783685",
   "ic2:shaped_item.itemportableteleporter_-869928001",
   "ic2:shaped_item.itemiridiumbox_1409185696",
   "ic2:shaped_item.itempesd_-912043277",
   "ic2:shaped_item.quantumaccumulator_-358156310",
   "ic2:shaped_item.bigquantumaccumulator_230901446",
   "ic2:shaped_item.itemupgradecontainer_1878647156",
   "ic2:shaped_item.upgradekit.fission_-1402628025",
   "ic2:shaped_item.itemarmorquantumhelmet_12820366",
   "ic2:shaped_item.itemarmorquantumchestplate_-550243442",
   "ic2:shaped_item.itemarmorquantumlegs_-1246661396",
   "ic2:shaped_item.itemarmorquantumboots_1934028940",
   "ic2:shaped_item.itemarmorquantumpack_447958198",
   "ic2:shaped_item.reactorreflectoriridium_565195729"
  ]
 },
 "criteria": {
  "has_item": {
   "trigger": "minecraft:inventory_changed",
   "conditions": {
    "items": [
     {
      "item": "ic2:itemmisc",
      "data": 258
     }
    ]
   }
  }
 },
 "requirements": [
  [
   "has_item"
  ]
 ]
}