{
 "parent": "minecraft:recipes/root",
 "rewards": {
  "recipes": [
   "ic2:shapeless_item.itemarmorjetpackelectric_1719366881",
   "ic2:shapeless_item.itemarmorjetpacknuclear_333235329",
   "ic2:shapeless_item.itemarmorcombinedjetpack_639028385",
   "ic2:shapeless_item.itemarmornuclearcombindedjetpack_-1682461087"
  ]
 },
 "criteria": {
  "has_item": {
   "trigger": "minecraft:inventory_changed",
   "conditions": {
    "items": [
     {
      "item": "minecraft:iron_chestplate",
      "data": 0
     }
    ]
   }
  }
 },
 "requirements": [
  [
   "has_item"
  ]
 ]
}