{
 "parent": "minecraft:recipes/root",
 "rewards": {
  "recipes": [
   "ic2:shaped_tile.blockgenerator_234578637",
   "ic2:shaped_tile.blockboiler_-1076301620",
   "ic2:shaped_tile.blockelecfurnace_-6291934",
   "ic2:shaped_tile.blockwoodgasser_-247399190"
  ]
 },
 "criteria": {
  "has_item": {
   "trigger": "minecraft:inventory_changed",
   "conditions": {
    "items": [
     {
      "item": "ic2:blockmachinelv",
      "data": 1
     }
    ]
   }
  }
 },
 "requirements": [
  [
   "has_item"
  ]
 ]
}