{
 "parent": "minecraft:recipes/root",
 "rewards": {
  "recipes": [
   "ic2:shaped_item.itemarmorhazmathelmet_970348442",
   "ic2:shaped_item.reactorventspread_2144532227",
   "ic2:shaped_item.reactorvent_-795420664",
   "ic2:shaped_item.reactorventdiamond_712649438",
   "ic2:shaped_item.reactorsteamvent_1751728657",
   "ic2:shaped_item.reactorsteamventcore_-1655734927",
   "ic2:shaped_item.reactorsteamventgold_-768231215",
   "ic2:shaped_item.reactorsteamventdiamond_-1252187392",
   "ic2:shaped_item.reactorsteamventdiamond_119272497"
  ]
 },
 "criteria": {
  "has_item": {
   "trigger": "minecraft:inventory_changed",
   "conditions": {
    "items": [
     {
      "item": "minecraft:iron_bars",
      "data": 32767
     }
    ]
   }
  }
 },
 "requirements": [
  [
   "has_item"
  ]
 ]
}