{
 "parent": "minecraft:recipes/root",
 "rewards": {
  "recipes": [
   "ic2:shaped_item.itemimportupgrade_-1753791654",
   "ic2:shaped_item.itemexportupgrade_-1751944550",
   "ic2:shaped_item.filteredimportupgrade_-1742709030",
   "ic2:shaped_item.filteredexportupgrade_-1740861926"
  ]
 },
 "criteria": {
  "has_item": {
   "trigger": "minecraft:inventory_changed",
   "conditions": {
    "items": [
     {
      "item": "ic2:inventoryupgrades",
      "data": 9
     }
    ]
   }
  }
 },
 "requirements": [
  [
   "has_item"
  ]
 ]
}