{
 "parent": "minecraft:recipes/root",
 "rewards": {
  "recipes": [
   "ic2:shaped_tile.blockrubber_1775808003",
   "ic2:shaped_item.itemcablei_1114825827",
   "ic2:shaped_item.itemcablei_156664931",
   "ic2:shapeless_item.itemcablei_-1146212067",
   "ic2:shaped_item.itembronzecablei_-251775529",
   "ic2:shaped_item.itembronzecablei_-1648233001",
   "ic2:shaped_item.itembronzecableii_-1791473741",
   "ic2:shaped_item.itembronzecableii_-77292557",
   "ic2:shapeless_item.itembronzecablei_-1145824381",
   "ic2:shapeless_item.itembronzecableii_-400831265",
   "ic2:shapeless_item.itembronzecableii_-1145794559",
   "ic2:shaped_item.itemgoldcablei_605816287",
   "ic2:shapeless_item.itemgoldcablei_-1146152423",
   "ic2:shapeless_item.itemgoldcableii_-1146122601",
   "ic2:shapeless_item.itemgoldcableii_-410990337",
   "ic2:shaped_item.itemgoldcableii_1066149022",
   "ic2:shaped_item.itemironcablei_926773675",
   "ic2:shapeless_item.itemironcablei_-1146062957",
   "ic2:shapeless_item.itemironcableii_-408219681",
   "ic2:shapeless_item.itemironcableii_-1146033135",
   "ic2:shaped_item.itemironcableii_268464298",
   "ic2:shapeless_item.itemironcableiii_990084465",
   "ic2:shapeless_item.itemironcableiii_-407296129",
   "ic2:shapeless_item.itemironcableiii_-1146003313",
   "ic2:shaped_tile.chargepadlv_1572484916",
   "ic2:shaped_tile.chargepadmv_1572514738",
   "ic2:shaped_item.itemrubberboat_-941255262",
   "ic2:shapeless_item.itemrubberboat_1805241890",
   "ic2:shaped_item.quantumaccumulator_-358156310",
   "ic2:shaped_item.redstonesensitivityupgrade_2128039054",
   "ic2:shaped_item.redstonesensitivityupgrade_128680750",
   "ic2:shaped_item.itemarmorhazmathelmet_970348442",
   "ic2:shaped_item.itemarmorhazmatchestplate_-997670812",
   "ic2:shaped_item.itemarmorhazmatleggings_1652437982",
   "ic2:shaped_item.itemarmorrubboots_959016099",
   "ic2:shaped_item.itemarmorindustrialbelt_1216860082"
  ]
 },
 "criteria": {
  "has_item_0": {
   "trigger": "minecraft:inventory_changed",
   "conditions": {
    "items": [
     {
      "item": "ic2:itemmisc",
      "data": 450
     }
    ]
   }
  }
 },
 "requirements": [
  [
   "has_item_0"
  ]
 ]
}