{
 "parent": "minecraft:recipes/root",
 "rewards": {
  "recipes": [
   "ic2:shaped_tile.blockmatter_1416524227",
   "ic2:shaped_tile.blockuraniumenricher_-1873277877",
   "ic2:shaped_tile.blockmfsu_2062932359",
   "ic2:shaped_tile.blocktransformerev_467000066",
   "ic2:shaped_item.quantumaccumulator_-358156310",
   "ic2:shaped_item.upgradekit.mfs_-1749227982",
   "ic2:shaped_item.itemarmorquantumhelmet_12820366",
   "ic2:shaped_item.itemarmorquantumchestplate_-550243442",
   "ic2:shaped_item.itemarmorquantumlegs_-1246661396",
   "ic2:shaped_item.itemarmorquantumboots_1934028940",
   "ic2:shaped_item.itemquantumarmorjetpack_320254911",
   "ic2:shaped_item.itemquantumarmornuclearjetplate_695318402",
   "ic2:shaped_item.itemarmorquantumpack_447958198"
  ]
 },
 "criteria": {
  "has_item": {
   "trigger": "minecraft:inventory_changed",
   "conditions": {
    "items": [
     {
      "item": "ic2:itembatlamacrystal",
      "data": 0
     }
    ]
   }
  }
 },
 "requirements": [
  [
   "has_item"
  ]
 ]
}