{
 "parent": "minecraft:recipes/root",
 "rewards": {
  "recipes": [
   "ic2:shapeless_tile.blockluminatormultipart_-476667991",
   "ic2:shaped_tile.blockcroplibrary_1883857081",
   "ic2:shaped_tile.blockorescanner_-201084378",
   "ic2:shaped_item.itemnightvisiongoggles_1396319615"
  ]
 },
 "criteria": {
  "has_item": {
   "trigger": "minecraft:inventory_changed",
   "conditions": {
    "items": [
     {
      "item": "ic2:blockluminator",
      "data": 0
     }
    ]
   }
  }
 },
 "requirements": [
  [
   "has_item"
  ]
 ]
}