{
 "parent": "minecraft:recipes/root",
 "rewards": {
  "recipes": [
   "ic2:shaped_tile.blocksolarlv_-1293705004",
   "ic2:shaped_tile.blockwatermilllv_734820657",
   "ic2:shaped_tile.lvrfproducer_550770941",
   "ic2:shaped_tile.blockcharged_-2108639250",
   "ic2:shaped_tile.blockadjustabletranformer_56423257"
  ]
 },
 "criteria": {
  "has_item": {
   "trigger": "minecraft:inventory_changed",
   "conditions": {
    "items": [
     {
      "item": "ic2:blockelectric",
      "data": 8
     }
    ]
   }
  }
 },
 "requirements": [
  [
   "has_item"
  ]
 ]
}