{
 "parent": "minecraft:recipes/root",
 "rewards": {
  "recipes": [
   "ic2:shaped_item.itemingotadviron_845672146",
   "ic2:shaped_tile.blockgenerator_-66857461",
   "ic2:shaped_tile.blockreactorchamber_1490756150",
   "ic2:shaped_tile.blockmacerator_2072794668",
   "ic2:shaped_tile.blockextractor_-1404085260",
   "ic2:shaped_tile.blockcompressor_-1019977500",
   "ic2:shaped_tile.blockcanner_-1437776888",
   "ic2:shaped_tile.blockelectrolyzer_-502750552",
   "ic2:shaped_tile.blockcropscanner_-1289883511",
   "ic2:shaped_tile.blockmagnetizer_-465205004",
   "ic2:shaped_tile.blockpump_-527344087",
   "ic2:shaped_tile.blockminer_-59581574",
   "ic2:shaped_tile.blockcropmatron_1348153838",
   "ic2:shaped_tile.blocksoundbeacon_755381740",
   "ic2:shaped_tile.blockcroplibrary_1883857081",
   "ic2:shaped_tile.blockmachinebuffer_-989169435",
   "ic2:shaped_tile.blockindustrialworktable_2049276174",
   "ic2:shaped_tile.blocksawmill_-1444206344",
   "ic2:shaped_tile.blockadvmachine_1515831549",
   "ic2:shaped_tile.blockadvmachine_-1920290047",
   "ic2:shaped_tile.blockmfe_-1307270245",
   "ic2:shaped_tile.blockmfe_2004107975",
   "ic2:shaped_tile.blocktransformermv_-1785545281",
   "ic2:shaped_tile.blocktransformermv_-1775375979",
   "ic2:shaped_tile.blockpersonaltrader_1344478433",
   "ic2:shaped_tile.blockpersonaltraderfluid_2117013984",
   "ic2:shaped_tile.blockpersonaltraderenergy_-949356331",
   "ic2:shaped_tile.blockpersonalchest_-1405328861",
   "ic2:shaped_tile.blockpersonalenergystoragebatbox_1253794578",
   "ic2:shaped_tile.blockpersonalenergystoragemfe_1253218358",
   "ic2:shaped_tile.blockpersonalenergystoragemfsu_1245973306",
   "ic2:shaped_item.mufflerupgrade_-77325382",
   "ic2:shaped_item.expcollectorupgrade_-1525635881",
   "ic2:shaped_item.sideaccessupgrade_-607927002",
   "ic2:shaped_item.rotationdisablerupgrade_412194477",
   "ic2:shaped_item.itemarmorquantumlegs_-1246661396"
  ]
 },
 "criteria": {
  "has_item": {
   "trigger": "minecraft:inventory_changed",
   "conditions": {
    "items": [
     {
      "item": "ic2:blockmachinelv",
      "data": 0
     }
    ]
   }
  }
 },
 "requirements": [
  [
   "has_item"
  ]
 ]
}