{
 "parent": "minecraft:recipes/root",
 "rewards": {
  "recipes": [
   "ic2:shaped_tile.blockrangedpump_737137343",
   "ic2:shaped_item.itemplasmacore_-1985082214",
   "ic2:shaped_item.itemtoolddrill_1069990776",
   "ic2:shaped_item.itemtoolddrill_848170649",
   "ic2:shaped_item.reactorreflectoriridium_565195729"
  ]
 },
 "criteria": {
  "has_item": {
   "trigger": "minecraft:inventory_changed",
   "conditions": {
    "items": [
     {
      "item": "ic2:itemmisc",
      "data": 263
     }
    ]
   }
  }
 },
 "requirements": [
  [
   "has_item"
  ]
 ]
}