{
 "parent": "minecraft:recipes/root",
 "rewards": {
  "recipes": [
   "ic2:shaped_tile.blockmfsu_2062932359",
   "ic2:shaped_tile.chargepadmv_1572514738",
   "ic2:shaped_tile.blockpersonalenergystoragemfe_1253218358",
   "ic2:shaped_item.upgradekit.crystalizor_781139859"
  ]
 },
 "criteria": {
  "has_item": {
   "trigger": "minecraft:inventory_changed",
   "conditions": {
    "items": [
     {
      "item": "ic2:blockelectric",
      "data": 1
     }
    ]
   }
  }
 },
 "requirements": [
  [
   "has_item"
  ]
 ]
}