{
 "parent": "minecraft:recipes/root",
 "rewards": {
  "recipes": [
   "ic2:shaped_tile.blockelectricenchanter_1926709582",
   "ic2:shaped_tile.chargepadhv_-440375304",
   "ic2:shaped_tile.blockpersonalenergystoragemfsu_1245973306",
   "ic2:shaped_item.upgradekit.mfs_1186329581"
  ]
 },
 "criteria": {
  "has_item": {
   "trigger": "minecraft:inventory_changed",
   "conditions": {
    "items": [
     {
      "item": "ic2:blockelectric",
      "data": 2
     }
    ]
   }
  }
 },
 "requirements": [
  [
   "has_item"
  ]
 ]
}