{
 "parent": "minecraft:recipes/root",
 "rewards": {
  "recipes": [
   "ic2:shaped_tile.blockpump_-527344087",
   "ic2:shaped_tile.blockminer_-59581574",
   "ic2:shaped_tile.blockorescanner_-201084378",
   "ic2:shaped_tile.blockcropharvester_2128563852",
   "ic2:shaped_item.itemupgradebase_1071691671",
   "ic2:shaped_item.itemupgradebase_1530297363",
   "ic2:shaped_item.basicitemimportupgrade_-1331404951",
   "ic2:shaped_item.basicitemexportupgrade_-616742895",
   "ic2:shaped_item.automationupgrade_-1885340528"
  ]
 },
 "criteria": {
  "has_item": {
   "trigger": "minecraft:inventory_changed",
   "conditions": {
    "items": [
     {
      "item": "ic2:blockminingpipe",
      "data": 0
     }
    ]
   }
  }
 },
 "requirements": [
  [
   "has_item"
  ]
 ]
}