{
 "parent": "minecraft:recipes/root",
 "rewards": {
  "recipes": [
   "ic2:shaped_tile.blocksolarmv_1807852596",
   "ic2:shaped_tile.blockwatermillmv_17243281",
   "ic2:shaped_tile.mvrfproducer_1406508351",
   "ic2:shaped_tile.mvrfproducer_606762265",
   "ic2:shaped_tile.blocktesla_1114556539",
   "ic2:shaped_tile.blocktransformerhv_1731718210",
   "ic2:shaped_item.transformerupgrade_1140948114",
   "ic2:shaped_item.transformerupgrade_370981141"
  ]
 },
 "criteria": {
  "has_item": {
   "trigger": "minecraft:inventory_changed",
   "conditions": {
    "items": [
     {
      "item": "ic2:blockelectric",
      "data": 9
     }
    ]
   }
  }
 },
 "requirements": [
  [
   "has_item"
  ]
 ]
}