{
 "parent": "minecraft:recipes/root",
 "rewards": {
  "recipes": [
   "ic2:shaped_item.itemarmorquantumhelmet_12820366",
   "ic2:shaped_item.itemnightvisiongoggles_1396319615",
   "ic2:shapeless_item.itemarmornanohelmet_-1437097182",
   "ic2:shapeless_item.itemarmornanohelmet_-64130889",
   "ic2:shapeless_item.itemarmornanohelmet_-1899094707"
  ]
 },
 "criteria": {
  "has_item": {
   "trigger": "minecraft:inventory_changed",
   "conditions": {
    "items": [
     {
      "item": "ic2:itemarmornanohelmet",
      "data": 0
     }
    ]
   }
  }
 },
 "requirements": [
  [
   "has_item"
  ]
 ]
}