{
 "parent": "minecraft:recipes/root",
 "rewards": {
  "recipes": [
   "ic2:shaped_tile.blockcroplibrary_1883857081",
   "ic2:shaped_tile.blockindustrialworktable_2049276174",
   "ic2:shaped_item.itemiridiumbox_1409185696",
   "ic2:shapeless_item.stacklimiterupgrade_432845570"
  ]
 },
 "criteria": {
  "has_item": {
   "trigger": "minecraft:inventory_changed",
   "conditions": {
    "items": [
     {
      "item": "ic2:itemtoolbox",
      "data": 2
     }
    ]
   }
  }
 },
 "requirements": [
  [
   "has_item"
  ]
 ]
}