{
 "parent": "minecraft:recipes/root",
 "rewards": {
  "recipes": [
   "ic2:shaped_tile.blocksteamreactor_424894900",
   "ic2:shaped_tile.blockreactorplanner_-1510019266",
   "ic2:shaped_tile.chargepadnuclear_-508642043",
   "ic2:shaped_item.upgradekit.fission_-1402628025",
   "ic2:shaped_item.itemarmorjetpacknuclear_1581290274",
   "ic2:shaped_item.itemarmornuclearcombindedjetpack_1420856751"
  ]
 },
 "criteria": {
  "has_item": {
   "trigger": "minecraft:inventory_changed",
   "conditions": {
    "items": [
     {
      "item": "ic2:blockgenerator",
      "data": 5
     }
    ]
   }
  }
 },
 "requirements": [
  [
   "has_item"
  ]
 ]
}