{
 "parent": "minecraft:recipes/root",
 "rewards": {
  "recipes": [
   "ic2:shaped_item.itemarmornuclearcombindedjetpack_983003988",
   "ic2:shapeless_item.itemarmorjetpacknuclear_333235329",
   "ic2:shapeless_item.itemarmorjetpacknuclear_385194528",
   "ic2:shapeless_item.itemarmorjetpacknuclear_1472196213",
   "ic2:shapeless_item.itemarmorjetpacknuclear_-54880635",
   "ic2:shapeless_item.itemarmorjetpacknuclear_-337772322",
   "ic2:shapeless_item.itemarmorjetpacknuclear_-869607867"
  ]
 },
 "criteria": {
  "has_item": {
   "trigger": "minecraft:inventory_changed",
   "conditions": {
    "items": [
     {
      "item": "ic2:itemarmorjetpacknuclear",
      "data": 0
     }
    ]
   }
  }
 },
 "requirements": [
  [
   "has_item"
  ]
 ]
}