{
 "parent": "minecraft:recipes/root",
 "rewards": {
  "recipes": [
   "ic2:shaped_tile.blockalloycracked_852504737",
   "ic2:shaped_tile.blockrotary_-1360333248",
   "ic2:shaped_item.durablesawbladeupgrade_-1717259577",
   "ic2:shapeless_item.durablesawbladeupgrade_546285296",
   "ic2:shaped_tile.wood.oak_156037636",
   "ic2:shaped_tile.wood.spruce_-1872487901",
   "ic2:shaped_tile.wood.birch_393953858",
   "ic2:shaped_tile.wood.jungle_-1634571679",
   "ic2:shaped_tile.wood.acacia_-943562112",
   "ic2:shaped_tile.wood.big_oak_1322879647"
  ]
 },
 "criteria": {
  "has_item": {
   "trigger": "minecraft:inventory_changed",
   "conditions": {
    "items": [
     {
      "item": "ic2:itemmisc",
      "data": 303
     }
    ]
   }
  }
 },
 "requirements": [
  [
   "has_item"
  ]
 ]
}