{
 "parent": "minecraft:recipes/root",
 "rewards": {
  "recipes": [
   "ic2:shaped_item.itemscanneradv_860908855",
   "ic2:shaped_item.itemscanneradv_871078157",
   "ic2:shaped_item.rangedscanner.od_1188558240",
   "ic2:shaped_item.rangedscanner.od_1199055243",
   "ic2:shaped_item.bigrangedscanner.od_-39355369",
   "ic2:shaped_item.itemloworevaluescanner_153560531",
   "ic2:shaped_item.itemmedorevaluescanner_-42923152",
   "ic2:shaped_item.itemhighorevaluescanner_-1038626105",
   "ic2:shaped_item.itemsettedorevaluescanner_-347140118",
   "ic2:shaped_item.itemquarryscanner_1048202588"
  ]
 },
 "criteria": {
  "has_item": {
   "trigger": "minecraft:inventory_changed",
   "conditions": {
    "items": [
     {
      "item": "ic2:itemmetascanners",
      "data": 0
     }
    ]
   }
  }
 },
 "requirements": [
  [
   "has_item"
  ]
 ]
}