{
 "parent": "minecraft:recipes/root",
 "rewards": {
  "recipes": [
   "ic2:shaped_item.rangedscanner.ov_-1334969539",
   "ic2:shaped_item.rangedscanner.ov_-1324472536",
   "ic2:shaped_item.bigrangedscanner.ov_-1675379467",
   "ic2:shaped_item.itemloworevaluescanner_153560531",
   "ic2:shaped_item.itemmedorevaluescanner_-42923152",
   "ic2:shaped_item.itemhighorevaluescanner_-1038626105",
   "ic2:shaped_item.itemsettedorevaluescanner_-347140118"
  ]
 },
 "criteria": {
  "has_item": {
   "trigger": "minecraft:inventory_changed",
   "conditions": {
    "items": [
     {
      "item": "ic2:itemmetascanners",
      "data": 1
     }
    ]
   }
  }
 },
 "requirements": [
  [
   "has_item"
  ]
 ]
}