{
 "parent": "minecraft:recipes/root",
 "rewards": {
  "recipes": [
   "ic2:shaped_tile.blockadvpump_-475390545",
   "ic2:shaped_item.slowdownupgrade_-2043652042",
   "ic2:shaped_item.quantumoverclockerupgrade_-1387578587",
   "ic2:shaped_item.padupgrade.proximity_-697789255",
   "ic2:shaped_item.padupgrade.fieldexp1_-245426917",
   "ic2:shaped_item.padupgrade.fieldexp3_193075817"
  ]
 },
 "criteria": {
  "has_item": {
   "trigger": "minecraft:inventory_changed",
   "conditions": {
    "items": [
     {
      "item": "ic2:ic2upgrades",
      "data": 0
     }
    ]
   }
  }
 },
 "requirements": [
  [
   "has_item"
  ]
 ]
}