{
 "parent": "minecraft:recipes/root",
 "rewards": {
  "recipes": [
   "ic2:shapeless_item.itemtoolpainterwhite_-860988657",
   "ic2:shapeless_item.itemtoolpainterorange_-414362005",
   "ic2:shapeless_item.itemtoolpaintermagenta_1842870865",
   "ic2:shapeless_item.itemtoolpaintercloud_1148603691",
   "ic2:shapeless_item.itemtoolpainteryellow_-491331448",
   "ic2:shapeless_item.itemtoolpainterlime_-1798300376",
   "ic2:shapeless_item.itemtoolpainterpink_-1794605176",
   "ic2:shapeless_item.itemtoolpainterdarkgrey_-1802660836",
   "ic2:shapeless_item.itemtoolpainterlightgrey_1153381287",
   "ic2:shapeless_item.itemtoolpaintercyan_-1806146786",
   "ic2:shapeless_item.itemtoolpainterpurple_574793094",
   "ic2:shapeless_item.itemtoolpainterblue_-1807438711",
   "ic2:shapeless_item.itemtoolpainterbrown_-1452784082",
   "ic2:shapeless_item.itemtoolpaintergreen_-1309953566",
   "ic2:shapeless_item.itemtoolpainterred_-848405003",
   "ic2:shapeless_item.itemtoolpainterblack_-1458761688"
  ]
 },
 "criteria": {
  "has_item": {
   "trigger": "minecraft:inventory_changed",
   "conditions": {
    "items": [
     {
      "item": "ic2:itemmisc",
      "data": 400
     }
    ]
   }
  }
 },
 "requirements": [
  [
   "has_item"
  ]
 ]
}