{
 "parent": "minecraft:recipes/root",
 "rewards": {
  "recipes": [
   "ic2:shapeless_tile.pistonstickybase_2000571185",
   "ic2:shaped_tile.blockstonemacerator_-130868445",
   "ic2:shaped_tile.blockcompacting_1129929931",
   "ic2:shaped_item.itemtoolddrill_1162150578",
   "ic2:shaped_item.itemobscurator_875431006",
   "ic2:shaped_item.basicitemexportupgrade_-616742895",
   "ic2:shaped_item.basicitemexportupgrade_1402416533",
   "ic2:shaped_item.basicfluidexportupgrade_-1297480554",
   "ic2:shaped_item.basicfluidexportupgrade_1629998443",
   "ic2:shaped_item.efficientsawbladeupgrade_802700326",
   "ic2:shaped_item.durablesawbladeupgrade_-1717259577",
   "ic2:shaped_tile.pistonstickybase_1809078030"
  ]
 },
 "criteria": {
  "has_item": {
   "trigger": "minecraft:inventory_changed",
   "conditions": {
    "items": [
     {
      "item": "minecraft:piston",
      "data": 32767
     }
    ]
   }
  }
 },
 "requirements": [
  [
   "has_item"
  ]
 ]
}