{
 "parent": "minecraft:recipes/root",
 "rewards": {
  "recipes": [
   "ic2:shaped_tile.blockscaffold_2076172628",
   "ic2:shaped_tile.pistonbase_-1396270190",
   "ic2:shaped_tile.pistonbase_514029861",
   "ic2:shaped_tile.blockwatergenerator_-2059790844",
   "ic2:shaped_tile.blockbatbox_200055707",
   "ic2:shaped_tile.blocktransformerlv_-552974589",
   "ic2:shaped_item.itembarrel_-1766685136",
   "ic2:shaped_item.itemtreetap_1362708441",
   "ic2:shaped_item.energystorageupgrade_348377377",
   "ic2:shaped_item.energystorageupgrade_-374652866"
  ]
 },
 "criteria": {
  "has_item_0": {
   "trigger": "minecraft:inventory_changed",
   "conditions": {
    "items": [
     {
      "item": "minecraft:planks",
      "data": 32767
     }
    ]
   }
  }
 },
 "requirements": [
  [
   "has_item_0"
  ]
 ]
}