{
 "parent": "minecraft:recipes/root",
 "rewards": {
  "recipes": [
   "ic2:shaped_item.itemplasmacable_449044295",
   "ic2:shaped_item.precisionwrench_-1322002202",
   "ic2:shaped_item.itemportableteleporter_-869928001",
   "ic2:shaped_item.itempesd_-912043277",
   "ic2:shaped_item.quantumoverclockerupgrade_-1387578587"
  ]
 },
 "criteria": {
  "has_item": {
   "trigger": "minecraft:inventory_changed",
   "conditions": {
    "items": [
     {
      "item": "ic2:itemmisc",
      "data": 264
     }
    ]
   }
  }
 },
 "requirements": [
  [
   "has_item"
  ]
 ]
}