{
 "parent": "minecraft:recipes/root",
 "rewards": {
  "recipes": [
   "ic2:shaped_tile.blocksolarturbine_-316118617",
   "ic2:shaped_tile.blockvacuum_1231000667",
   "ic2:shaped_tile.blockadvpump_-475390545",
   "ic2:shaped_tile.blockpersonaltraderfluid_2117013984"
  ]
 },
 "criteria": {
  "has_item": {
   "trigger": "minecraft:inventory_changed",
   "conditions": {
    "items": [
     {
      "item": "ic2:blockmachinelv",
      "data": 11
     }
    ]
   }
  }
 },
 "requirements": [
  [
   "has_item"
  ]
 ]
}