{
 "parent": "minecraft:recipes/root",
 "rewards": {
  "recipes": [
   "ic2:shapeless_item.itemarmorquantumhelmet_2076686080",
   "ic2:shapeless_item.itemarmorquantumhelmet_-845314923",
   "ic2:shapeless_item.itemarmorquantumhelmet_1614688555"
  ]
 },
 "criteria": {
  "has_item": {
   "trigger": "minecraft:inventory_changed",
   "conditions": {
    "items": [
     {
      "item": "ic2:itemarmorquantumhelmet",
      "data": 0
     }
    ]
   }
  }
 },
 "requirements": [
  [
   "has_item"
  ]
 ]
}