{
 "parent": "minecraft:recipes/root",
 "rewards": {
  "recipes": [
   "ic2:shaped_tile.blockgenerator_234578637",
   "ic2:shaped_tile.blockgenerator_-66857461",
   "ic2:shaped_tile.blocksoundbeacon_755381740",
   "ic2:shaped_tile.blockcroplibrary_1883857081",
   "ic2:shaped_tile.blockbatbox_200055707",
   "ic2:shaped_tile.blockpersonaltraderenergy_-949356331",
   "ic2:shaped_item.itemtooldrill_-1588477206",
   "ic2:shaped_item.itemtoolchainsaw_-824616294",
   "ic2:shaped_item.itemtoolhoe_-137638623",
   "ic2:shaped_item.itemtoolwrenchelectric_883008511",
   "ic2:shaped_item.itemtreetapelectric_-1455688385",
   "ic2:shaped_item.electricsprayer_-335930196",
   "ic2:shaped_item.itemmowingtool_351707617",
   "ic2:shaped_item.itemscanner_974188857",
   "ic2:shaped_item.itemscanneradv_1002830143",
   "ic2:shaped_item.itemscanneradv_1012999445",
   "ic2:shaped_item.energystorageupgrade_348377377",
   "ic2:shaped_item.energystorageupgrade_-374652866",
   "ic2:shaped_item.itemimportupgrade_1237770600",
   "ic2:shaped_item.itemexportupgrade_1239617704",
   "ic2:shaped_item.energymultiplierupgrade_-305871341",
   "ic2:shaped_item.filteredimportupgrade_1248853224",
   "ic2:shaped_item.filteredexportupgrade_1250700328",
   "ic2:shaped_item.fluidimportupgrade_1252547432",
   "ic2:shaped_item.fluidexportupgrade_1254394536",
   "ic2:shaped_item.filteredfluidimportupgrade_1256241640",
   "ic2:shaped_item.filteredfluidexportupgrade_1258088744",
   "ic2:shaped_item.itemarmorindustrialbelt_1216860082",
   "ic2:shaped_item.itemarmorbatpack_-608002108",
   "ic2:shaped_item.reactorelectricvent_-688841483",
   "ic2:shaped_item.reactorelectricventcore_-687917931",
   "ic2:shaped_item.reactorelectricventgold_-686994379",
   "ic2:shaped_item.reactorelectricventdiamond_-686070827"
  ]
 },
 "criteria": {
  "has_item": {
   "trigger": "minecraft:inventory_changed",
   "conditions": {
    "items": [
     {
      "item": "ic2:itembatre",
      "data": 0
     }
    ]
   }
  }
 },
 "requirements": [
  [
   "has_item"
  ]
 ]
}