{
 "parent": "minecraft:recipes/root",
 "rewards": {
  "recipes": [
   "ic2:shaped_tile.blocknuclearreactor_1318009097",
   "ic2:shaped_tile.blocksteamchamber_1451976213",
   "ic2:shaped_tile.blockreactorplanner_-1510019266",
   "ic2:shaped_item.reactortrackerupgrade_1745432453",
   "ic2:shaped_item.itemarmorjetpacknuclear_1581290274",
   "ic2:shaped_item.itemarmornuclearcombindedjetpack_1420856751"
  ]
 },
 "criteria": {
  "has_item": {
   "trigger": "minecraft:inventory_changed",
   "conditions": {
    "items": [
     {
      "item": "ic2:blockchambers",
      "data": 0
     }
    ]
   }
  }
 },
 "requirements": [
  [
   "has_item"
  ]
 ]
}