{
 "parent": "minecraft:recipes/root",
 "rewards": {
  "recipes": [
   "ic2:shaped_item.reactorcondensatorlap_1470992691",
   "ic2:shaped_item.reactorventgold_2067100004",
   "ic2:shaped_item.reactorsteamventcore_-1655734927",
   "ic2:shaped_item.reactorelectricventcore_-687917931"
  ]
 },
 "criteria": {
  "has_item": {
   "trigger": "minecraft:inventory_changed",
   "conditions": {
    "items": [
     {
      "item": "ic2:itemheatvent",
      "data": 1
     }
    ]
   }
  }
 },
 "requirements": [
  [
   "has_item"
  ]
 ]
}