{
 "parent": "minecraft:recipes/root",
 "rewards": {
  "recipes": [
   "ic2:shaped_item.redstonesensitivityupgrade_2128039054",
   "ic2:shaped_item.redstonesensitivityupgrade_128680750",
   "ic2:shaped_item.redstoneinverterupgrade_233947920",
   "ic2:shaped_item.redstoneinverterupgrade_-458795676",
   "ic2:shaped_item.basicitemimportupgrade_-1331404951",
   "ic2:shaped_item.basicitemimportupgrade_1901340673",
   "ic2:shaped_item.basicitemexportupgrade_-616742895",
   "ic2:shaped_item.basicitemexportupgrade_1402416533",
   "ic2:shaped_item.loudnessupgrade_-2043383985",
   "ic2:shaped_item.slowdownupgrade_-2043652042",
   "ic2:shaped_item.basicfluidimportupgrade_-2012142610",
   "ic2:shaped_item.basicfluidimportupgrade_59819351",
   "ic2:shaped_item.basicfluidexportupgrade_-1297480554",
   "ic2:shaped_item.basicfluidexportupgrade_1629998443",
   "ic2:shaped_item.craftingupgrade_759630800",
   "ic2:shaped_item.rotationdisablerupgrade_412194477"
  ]
 },
 "criteria": {
  "has_item": {
   "trigger": "minecraft:inventory_changed",
   "conditions": {
    "items": [
     {
      "item": "minecraft:redstone_torch",
      "data": 32767
     }
    ]
   }
  }
 },
 "requirements": [
  [
   "has_item"
  ]
 ]
}