{
 "parent": "minecraft:recipes/root",
 "rewards": {
  "recipes": [
   "ic2:shaped_tile.blockalloyclearglass_-307784640",
   "ic2:shaped_tile.blocksteamchamber_1451976213",
   "ic2:shaped_tile.blockplasmafier_679353211",
   "ic2:shaped_item.itemarmorquantumhelmet_12820366",
   "ic2:shaped_item.itemnightvisiongoggles_1396319615"
  ]
 },
 "criteria": {
  "has_item": {
   "trigger": "minecraft:inventory_changed",
   "conditions": {
    "items": [
     {
      "item": "ic2:blockutility",
      "data": 3
     }
    ]
   }
  }
 },
 "requirements": [
  [
   "has_item"
  ]
 ]
}