{
 "parent": "minecraft:recipes/root",
 "rewards": {
  "recipes": [
   "ic2:shaped_item.itemdooralloy_-426036718",
   "ic2:shaped_tile.blockalloybrick_-337368095",
   "ic2:shaped_tile.blockalloycracked_-922502625",
   "ic2:shaped_tile.blockalloycracked_852504737",
   "ic2:shaped_tile.blockiridiumstone_-48520064"
  ]
 },
 "criteria": {
  "has_item": {
   "trigger": "minecraft:inventory_changed",
   "conditions": {
    "items": [
     {
      "item": "ic2:blockutility",
      "data": 2
     }
    ]
   }
  }
 },
 "requirements": [
  [
   "has_item"
  ]
 ]
}