{
 "parent": "minecraft:recipes/root",
 "rewards": {
  "recipes": [
   "ic2:shaped_tile.blockalloycracked_-922502625",
   "ic2:shaped_tile.blockrotary_-1598189826",
   "ic2:shaped_item.efficientsawbladeupgrade_802700326",
   "ic2:shapeless_item.efficientsawbladeupgrade_546253552",
   "ic2:shaped_tile.wood.oak_-1618969726",
   "ic2:shaped_tile.wood.spruce_647472033",
   "ic2:shaped_tile.wood.birch_-1381053504",
   "ic2:shaped_tile.wood.jungle_885388255",
   "ic2:shaped_tile.wood.acacia_1576397822",
   "ic2:shaped_tile.wood.big_oak_-452127715"
  ]
 },
 "criteria": {
  "has_item": {
   "trigger": "minecraft:inventory_changed",
   "conditions": {
    "items": [
     {
      "item": "ic2:itemmisc",
      "data": 301
     }
    ]
   }
  }
 },
 "requirements": [
  [
   "has_item"
  ]
 ]
}