{
 "parent": "minecraft:recipes/root",
 "rewards": {
  "recipes": [
   "ic2:shaped_item.itemscrapbox_604975720",
   "ic2:shapeless_item.itemfertilizer_-1225909895",
   "ic2:shapeless_item.itemfertilizer_-2103908063",
   "ic2:shapeless_item.itemspecialfertilizer_2079146036"
  ]
 },
 "criteria": {
  "has_item": {
   "trigger": "minecraft:inventory_changed",
   "conditions": {
    "items": [
     {
      "item": "ic2:itemmisc",
      "data": 200
     }
    ]
   }
  }
 },
 "requirements": [
  [
   "has_item"
  ]
 ]
}