{
 "parent": "minecraft:recipes/root",
 "rewards": {
  "recipes": [
   "ic2:shaped_tile.blocksolarturbine_-316118617",
   "ic2:shaped_tile.blocksolarlv_-1293705004",
   "ic2:shaped_item.itemsolarhelmet_654906048",
   "ic2:shaped_item.itemsolarhelmet_974830959",
   "ic2:shaped_item.itemadvancedsolarhelmet_1664461493"
  ]
 },
 "criteria": {
  "has_item": {
   "trigger": "minecraft:inventory_changed",
   "conditions": {
    "items": [
     {
      "item": "ic2:blockgenerator",
      "data": 3
     }
    ]
   }
  }
 },
 "requirements": [
  [
   "has_item"
  ]
 ]
}