{
 "parent": "minecraft:recipes/root",
 "rewards": {
  "recipes": [
   "ic2:shaped_tile.torch_1081308596",
   "ic2:shapeless_tile.pistonstickybase_2000571185",
   "ic2:shaped_item.itemdynamitesticky_1470754535",
   "ic2:shaped_item.itembiomesh_-1105617598",
   "ic2:shaped_tile.pistonstickybase_1809078030",
   "ic2:shaped_item.leash_-1938246599"
  ]
 },
 "criteria": {
  "has_item": {
   "trigger": "minecraft:inventory_changed",
   "conditions": {
    "items": [
     {
      "item": "ic2:itemharz",
      "data": 0
     }
    ]
   }
  }
 },
 "requirements": [
  [
   "has_item"
  ]
 ]
}