{
 "parent": "minecraft:recipes/root",
 "rewards": {
  "recipes": [
   "ic2:shaped_item.itemobscurator_875431006",
   "ic2:shaped_item.basicitemimportupgrade_-1331404951",
   "ic2:shaped_item.basicitemimportupgrade_1901340673",
   "ic2:shaped_item.basicfluidimportupgrade_-2012142610",
   "ic2:shaped_item.basicfluidimportupgrade_59819351"
  ]
 },
 "criteria": {
  "has_item": {
   "trigger": "minecraft:inventory_changed",
   "conditions": {
    "items": [
     {
      "item": "minecraft:sticky_piston",
      "data": 32767
     }
    ]
   }
  }
 },
 "requirements": [
  [
   "has_item"
  ]
 ]
}