{
 "parent": "minecraft:recipes/root",
 "rewards": {
  "recipes": [
   "ic2:shaped_tile.blockscaffold_2076172628",
   "ic2:shaped_tile.torch_1081308596",
   "ic2:shaped_tile.rail_-488481195",
   "ic2:shaped_tile.blockwatergenerator_-2059790844",
   "ic2:shaped_item.itemcrop_-2113029303",
   "ic2:shaped_item.itemfoamsprayer_823352807",
   "ic2:shaped_item.itemtoolbronzepickaxe_-1049543665",
   "ic2:shaped_item.itemtoolbronzeaxe_-2934988",
   "ic2:shaped_item.itemtoolbronzehoe_518325185",
   "ic2:shaped_item.itemtoolbronzesword_-462581388",
   "ic2:shaped_item.itemtoolbronzespade_973905411",
   "ic2:shaped_item.efficientsawbladeupgrade_802700326",
   "ic2:shaped_item.durablesawbladeupgrade_-1717259577"
  ]
 },
 "criteria": {
  "has_item_0": {
   "trigger": "minecraft:inventory_changed",
   "conditions": {
    "items": [
     {
      "item": "minecraft:stick",
      "data": 0
     }
    ]
   }
  }
 },
 "requirements": [
  [
   "has_item_0"
  ]
 ]
}