{
 "parent": "minecraft:recipes/root",
 "rewards": {
  "recipes": [
   "ic2:shapeless_item.itembiomebpcultivation_1497734496",
   "ic2:shapeless_item.itembiomebpdesertification_1497737410",
   "ic2:shaped_item.itembiomebpforestification_-1685429933",
   "ic2:shapeless_item.itembiomebpirrigation_1497735550",
   "ic2:shapeless_item.itembiomebpmushroom_1497733659",
   "ic2:shapeless_item.itembiomebpchilling_1497736604"
  ]
 },
 "criteria": {
  "has_item": {
   "trigger": "minecraft:inventory_changed",
   "conditions": {
    "items": [
     {
      "item": "ic2:itemmisc",
      "data": 402
     }
    ]
   }
  }
 },
 "requirements": [
  [
   "has_item"
  ]
 ]
}