{
 "parent": "minecraft:recipes/root",
 "rewards": {
  "recipes": [
   "ic2:shaped_tile.blockterra_-372409081",
   "ic2:shaped_item.itemtfbpcultivation_-961226165",
   "ic2:shaped_item.itemtfbpdesertification_539239080",
   "ic2:shaped_item.itemtfbpirrigation_-398824870",
   "ic2:shaped_item.itemtfbpchilling_580270729",
   "ic2:shaped_item.itemtfbpflatification_-670336253",
   "ic2:shaped_item.itemtfbpmushroom_-666297296"
  ]
 },
 "criteria": {
  "has_item": {
   "trigger": "minecraft:inventory_changed",
   "conditions": {
    "items": [
     {
      "item": "ic2:itemmisc",
      "data": 401
     }
    ]
   }
  }
 },
 "requirements": [
  [
   "has_item"
  ]
 ]
}