{
 "parent": "minecraft:recipes/root",
 "rewards": {
  "recipes": [
   "ic2:shaped_item.itemfuelplantball_-694842999",
   "ic2:shaped_item.itembiomebpforestification_-1685429933"
  ]
 },
 "criteria": {
  "has_item_0": {
   "trigger": "minecraft:inventory_changed",
   "conditions": {
    "items": [
     {
      "item": "minecraft:sapling",
      "data": 32767
     }
    ]
   }
  },
  "has_item_1": {
   "trigger": "minecraft:inventory_changed",
   "conditions": {
    "items": [
     {
      "item": "ic2:blockrubsapling",
      "data": 0
     }
    ]
   }
  }
 },
 "requirements": [
  [
   "has_item_0",
   "has_item_1"
  ]
 ]
}