{
 "parent": "minecraft:recipes/root",
 "rewards": {
  "recipes": [
   "ic2:shaped_item.itemfuelplantball_422136201"
  ]
 },
 "criteria": {
  "has_item_0": {
   "trigger": "minecraft:inventory_changed",
   "conditions": {
    "items": [
     {
      "item": "minecraft:leaves",
      "data": 32767
     }
    ]
   }
  },
  "has_item_1": {
   "trigger": "minecraft:inventory_changed",
   "conditions": {
    "items": [
     {
      "item": "minecraft:leaves2",
      "data": 32767
     }
    ]
   }
  },
  "has_item_2": {
   "trigger": "minecraft:inventory_changed",
   "conditions": {
    "items": [
     {
      "item": "ic2:leaves",
      "data": 0
     }
    ]
   }
  }
 },
 "requirements": [
  [
   "has_item_0",
   "has_item_1",
   "has_item_2"
  ]
 ]
}