{
 "parent": "minecraft:recipes/root",
 "rewards": {
  "recipes": [
   "ic2:shaped_tile.blockminingpipe_1519044824",
   "ic2:shaped_tile.blockextractor_-1404085260",
   "ic2:shaped_tile.blockpump_-527344087",
   "ic2:shaped_item.itemtreetapelectric_-1455688385"
  ]
 },
 "criteria": {
  "has_item": {
   "trigger": "minecraft:inventory_changed",
   "conditions": {
    "items": [
     {
      "item": "ic2:itemtreetap",
      "data": 0
     }
    ]
   }
  }
 },
 "requirements": [
  [
   "has_item"
  ]
 ]
}