{
 "parent": "minecraft:recipes/root",
 "rewards": {
  "recipes": [
   "ic2:shaped_tile.basicturbine_-1045408944",
   "ic2:shaped_tile.blocksolarturbine_-316118617",
   "ic2:shaped_tile.blockliquidfuelgenerator_606615928",
   "ic2:shaped_tile.wavegenerator_1752336958",
   "ic2:shaped_tile.oceangenerator_-1674978904",
   "ic2:shaped_tile.blocksawmill_-1444206344",
   "ic2:shaped_item.itemmowingtool_351707617"
  ]
 },
 "criteria": {
  "has_item": {
   "trigger": "minecraft:inventory_changed",
   "conditions": {
    "items": [
     {
      "item": "ic2:itemmisc",
      "data": 304
     }
    ]
   }
  }
 },
 "requirements": [
  [
   "has_item"
  ]
 ]
}