{
 "parent": "minecraft:recipes/root",
 "rewards": {
  "recipes": [
   "ic2:shaped_item.itemfuelplantball_2007991305",
   "ic2:shapeless_item.seeds_-1487624892",
   "ic2:shapeless_item.seeds_pumpkin_756607494",
   "ic2:shapeless_item.seeds_melon_2140172764",
   "ic2:shapeless_tile.flower2.poppy_171307835",
   "ic2:shapeless_tile.flower1.dandelion_1741888839",
   "ic2:shapeless_item.beetroot_seeds_-912757943",
   "ic2:shapeless_tile.sapling.oak_1883499738",
   "ic2:shapeless_tile.sapling.spruce_2147206432",
   "ic2:shapeless_tile.sapling.birch_-177230303",
   "ic2:shapeless_tile.sapling.jungle_-493230141",
   "ic2:shapeless_tile.sapling.acacia_333571747",
   "ic2:shapeless_tile.sapling.big_oak_-648918386"
  ]
 },
 "criteria": {
  "has_item": {
   "trigger": "minecraft:inventory_changed",
   "conditions": {
    "items": [
     {
      "item": "ic2:itemcropseed",
      "data": 0
     }
    ]
   }
  }
 },
 "requirements": [
  [
   "has_item"
  ]
 ]
}