{
 "parent": "minecraft:recipes/root",
 "rewards": {
  "recipes": [
   "ic2:shaped_tile.stonebrick_-602048670",
   "ic2:shaped_tile.stone.stone_-217206169",
   "ic2:shaped_tile.glass_1510125347",
   "ic2:shaped_tile.grass_1277632969",
   "ic2:shaped_tile.log.oak_-1277881396",
   "ic2:shaped_tile.log.spruce_1770332581",
   "ic2:shaped_tile.log.birch_-1277881334",
   "ic2:shaped_tile.log.jungle_1730114793",
   "ic2:shaped_tile.log.acacia_569794864",
   "ic2:shaped_tile.log.big_oak_529577045",
   "ic2:shaped_tile.dirt.default_294096457",
   "ic2:shaped_tile.sponge.dry_-486870232",
   "ic2:shaped_tile.whitestone_1292746542",
   "ic2:shaped_tile.stonemoss_-71282124",
   "ic2:shaped_tile.sandstone.default_-222457682",
   "ic2:shaped_tile.redsandstone.default_1661771456",
   "ic2:shaped_tile.snow_-66319588",
   "ic2:shaped_tile.water_2131885151",
   "ic2:shaped_tile.lava_1530544253",
   "ic2:shaped_tile.oreiron_-329870047",
   "ic2:shaped_tile.oregold_-862634671",
   "ic2:shaped_tile.obsidian_-440375730",
   "ic2:shaped_tile.hellrock_-1150777333",
   "ic2:shaped_item.netherstalkseeds_-1945039845",
   "ic2:shaped_tile.lightgem_-1357010811",
   "ic2:shaped_tile.cactus_1557334976",
   "ic2:shaped_tile.vine_-128181428",
   "ic2:shaped_item.chorusfruit_-621965693",
   "ic2:shaped_tile.cloth.white_77283415",
   "ic2:shaped_item.coal_-894344071",
   "ic2:shaped_item.diamond_-839125610",
   "ic2:shaped_item.emerald_981588030",
   "ic2:shaped_item.redstone_609035693",
   "ic2:shaped_item.netherquartz_-150174040",
   "ic2:shaped_item.dyepowder.blue_-1943975137",
   "ic2:shaped_item.feather_1656145116",
   "ic2:shaped_item.leather_2089489131",
   "ic2:shaped_item.snowball_-427886876",
   "ic2:shaped_item.sulphur_-1833859045",
   "ic2:shaped_item.enderpearl_2025630033",
   "ic2:shaped_item.clay_916245029",
   "ic2:shaped_item.blazerod_1662380818",
   "ic2:shaped_item.prismarinecrystals_-886701636",
   "ic2:shaped_item.prismarineshard_-2053819173",
   "ic2:shaped_item.dyepowder.brown_1426380757",
   "ic2:shaped_item.dyepowder.black_953740984",
   "ic2:shaped_item.reeds_-459416326",
   "ic2:shaped_item.flint_-1284138319",
   "ic2:shaped_item.bone_-835878595",
   "ic2:shaped_item.itemharz_2066627912",
   "ic2:shaped_item.itemoreiridium_358070459",
   "ic2:shaped_tile.mycel_1348556715",
   "ic2:shaped_tile.stonebricksmooth.chiseled_1563944091",
   "ic2:shaped_tile.blockorecopper_-1838757257",
   "ic2:shaped_tile.blockoretin_1214808534",
   "ic2:shaped_tile.blockoresilver_1084210042",
   "ic2:shaped_item.elytra_1051093459"
  ]
 },
 "criteria": {
  "has_item": {
   "trigger": "minecraft:inventory_changed",
   "conditions": {
    "items": [
     {
      "item": "ic2:itemmisc",
      "data": 202
     }
    ]
   }
  }
 },
 "requirements": [
  [
   "has_item"
  ]
 ]
}