{
 "parent": "minecraft:recipes/root",
 "rewards": {
  "recipes": [
   "ic2:shaped_tile.basicturbine_-1045408944",
   "ic2:shaped_tile.wavegenerator_1752336958",
   "ic2:shaped_tile.oceangenerator_-1674978904",
   "ic2:shaped_tile.blockwatermilllv_734820657"
  ]
 },
 "criteria": {
  "has_item": {
   "trigger": "minecraft:inventory_changed",
   "conditions": {
    "items": [
     {
      "item": "ic2:blockgenerator",
      "data": 2
     }
    ]
   }
  }
 },
 "requirements": [
  [
   "has_item"
  ]
 ]
}