{
 "parent": "minecraft:recipes/root",
 "rewards": {
  "recipes": [
   "ic2:shapeless_tile.blockfoam_1945589170",
   "ic2:shapeless_tile.blockfoam_-1706983140",
   "ic2:shapeless_item.itemfuelcoaldust_323033665",
   "ic2:shaped_item.itemfuelcoaldust_-19252433",
   "ic2:shapeless_item.itemfuelcharcoaldust_-1237558063",
   "ic2:shaped_item.itemfuelcharcoaldust_76336105",
   "ic2:shapeless_tile.obsidian_434208876",
   "ic2:shapeless_tile.obsidian_6623436",
   "ic2:shapeless_item.itemcellwater_-2075354056",
   "ic2:shapeless_item.coffee0_250141210",
   "ic2:shapeless_item.itemspecialfertilizer_2079146036",
   "ic2:shapeless_item.itemrevivefertilizer_1034214437",
   "ic2:shapeless_item.itemcoldtea_-572031123",
   "ic2:shaped_item.itemthermometer_1507613392",
   "ic2:shaped_item.cobblegenupgrade_-246636654",
   "ic2:shaped_item.cobblegenupgrade_-535155888",
   "ic2:shaped_item.reactorcoolantsimple_-484238369",
   "ic2:shaped_item.reactorcoolanttriple_-606011908"
  ]
 },
 "criteria": {
  "has_item": {
   "trigger": "minecraft:inventory_changed",
   "conditions": {
    "items": [
     {
      "item": "ic2:itemcellempty",
      "data": 1
     }
    ]
   }
  }
 },
 "requirements": [
  [
   "has_item"
  ]
 ]
}