{
 "parent": "minecraft:recipes/root",
 "rewards": {
  "recipes": [
   "ic2:shapeless_tile.blockwool_-463953502",
   "ic2:shaped_tile.blockwool_-1172915022",
   "ic2:shaped_item.itemtoolpainter_-1855324498",
   "ic2:shaped_item.mufflerupgrade_-77325382",
   "ic2:shaped_item.mufflerupgrade_-314915581",
   "ic2:shaped_item.muteupgrade_-565290662",
   "ic2:shaped_item.itemarmorrubboots_959016099",
   "ic2:shaped_item.itemstaticboots_-1078046344",
   "ic2:shaped_item.itemstaticboots_1326507983"
  ]
 },
 "criteria": {
  "has_item": {
   "trigger": "minecraft:inventory_changed",
   "conditions": {
    "items": [
     {
      "item": "minecraft:wool",
      "data": 32767
     }
    ]
   }
  }
 },
 "requirements": [
  [
   "has_item"
  ]
 ]
}