{
 "display": {
  "icon": {
   "item": "ic2:blockgenerator",
   "data": 5
  },
  "title": {
   "translate": "achievement.factoryGiant"
  },
  "description": {
   "translate": "achievement.factoryGiant.desc"
  },
  "frame": "challenge",
  "hidden": true
 },
 "parent": "ic2:basic/gocoal",
 "criteria": {
  "has_stat": {
   "trigger": "ic2:has_stat",
   "conditions": {
    "stat": {
     "type": "percent",
     "baseStat": "ic2:dirtyEnergy",
     "otherStat": "ic2:cleanEnergy",
     "baseAmount": 100,
     "percent": 90
    }
   }
  }
 }
}