{
 "display": {
  "icon": {
   "item": "ic2:blockgenerator",
   "data": 0
  },
  "title": {
   "translate": "achievement.goCoal"
  },
  "description": {
   "translate": "achievement.goCoal.desc"
  },
  "frame": "challenge",
  "hidden": true
 },
 "parent": "ic2:basic/root",
 "criteria": {
  "has_stat": {
   "trigger": "ic2:has_stat",
   "conditions": {
    "stat": {
     "type": "percent",
     "baseStat": "ic2:dirtyEnergy",
     "otherStat": "ic2:cleanEnergy",
     "baseAmount": 100,
     "percent": 75
    }
   }
  }
 }
}