{
    "display": {
        "icon": {
            "item": "ic2:itemtoolmininglaser"
        },
        "title": {
            "translate": "itemGroup.ic2"
        },
		"description": {
            "text": "IC2 Advancements & Achievements"
        },
        "background": "minecraft:textures/gui/advancements/backgrounds/stone.png",
        "show_toast": false,
        "announce_to_chat": false,
		"hidden": true
    },
    "criteria": {
        "crafting_table": {
            "trigger": "minecraft:inventory_changed",
            "conditions": {
                "items": [
                    {
                        "item": "minecraft:crafting_table"
                    }
                ]
            }
        }
    }
}