{
	"display": 
	{
		"icon": 
		{
			"item": "ic2:itemarmorquantumhelmet",
			"data": 0
		},
		"title": 
		{
			"translate": "achievement.starveWithQHelmet"
		},
		"description": 
		{
			"translate": "achievement.starveWithQHelmet.desc"
		},
		"frame": "challenge"
	},
	"parent": "ic2:basic/buildqarmor",
	"criteria": 
	{
		"has_stat": 
		{
			"trigger": "ic2:has_stat",
			"conditions": 
			{
				"stat": 
				{
					"type": "normal",
					"stat": "ic2:starveWithQHelmet",
					"amount": 1
				}
			}
		},
		"has_stat0":
		{
			"trigger": "ic2:has_stat",
			"conditions": 
			{
				"stat": 
				{
					"type": "normal",
					"stat": "ic2:drownWithQHelmet",
					"amount": 1
				}
			}
		}
	},
	"requirements": 
	[
		[
			"has_stat",
			"has_stat0"
		]
	]
}